Fitter report for MIC1
Sun Aug 16 17:48:09 2026
Quartus II 64-Bit Version 13.0.1 Build 232 06/12/2013 Service Pack 1 SJ Web Edition


---------------------
; Table of Contents ;
---------------------
  1. Legal Notice
  2. Fitter Summary
  3. Fitter Settings
  4. Parallel Compilation
  5. Incremental Compilation Preservation Summary
  6. Incremental Compilation Partition Settings
  7. Incremental Compilation Placement Preservation
  8. Pin-Out File
  9. Fitter Resource Usage Summary
 10. Fitter Partition Statistics
 11. Input Pins
 12. Output Pins
 13. I/O Bank Usage
 14. All Package Pins
 15. Output Pin Default Load For Reported TCO
 16. Fitter Resource Utilization by Entity
 17. Delay Chain Summary
 18. Pad To Core Delay Chain Fanout
 19. Non-Global High Fan-Out Signals
 20. Other Routing Usage Summary
 21. LAB Logic Elements
 22. LAB Signals Sourced
 23. LAB Signals Sourced Out
 24. LAB Distinct Inputs
 25. Fitter Device Options
 26. Operating Settings and Conditions
 27. Fitter Messages
 28. Fitter Suppressed Messages



----------------
; Legal Notice ;
----------------
Copyright (C) 1991-2013 Altera Corporation
Your use of Altera Corporation's design tools, logic functions 
and other software and tools, and its AMPP partner logic 
functions, and any output files from any of the foregoing 
(including device programming or simulation files), and any 
associated documentation or information are expressly subject 
to the terms and conditions of the Altera Program License 
Subscription Agreement, Altera MegaCore Function License 
Agreement, or other applicable license agreement, including, 
without limitation, that your use is for the sole purpose of 
programming logic devices manufactured by Altera and sold by 
Altera or its authorized distributors.  Please refer to the 
applicable agreement for further details.



+--------------------------------------------------------------------------------------+
; Fitter Summary                                                                       ;
+------------------------------------+-------------------------------------------------+
; Fitter Status                      ; Successful - Sun Aug 16 17:48:09 2026           ;
; Quartus II 64-Bit Version          ; 13.0.1 Build 232 06/12/2013 SP 1 SJ Web Edition ;
; Revision Name                      ; MIC1                                            ;
; Top-level Entity Name              ; SHIFTER                                         ;
; Family                             ; Cyclone II                                      ;
; Device                             ; EP2C5F256C6                                     ;
; Timing Models                      ; Final                                           ;
; Total logic elements               ; 43 / 4,608 ( < 1 % )                            ;
;     Total combinational functions  ; 43 / 4,608 ( < 1 % )                            ;
;     Dedicated logic registers      ; 0 / 4,608 ( 0 % )                               ;
; Total registers                    ; 0                                               ;
; Total pins                         ; 102 / 158 ( 65 % )                              ;
; Total virtual pins                 ; 0                                               ;
; Total memory bits                  ; 0 / 119,808 ( 0 % )                             ;
; Embedded Multiplier 9-bit elements ; 0 / 26 ( 0 % )                                  ;
; Total PLLs                         ; 0 / 2 ( 0 % )                                   ;
+------------------------------------+-------------------------------------------------+


+----------------------------------------------------------------------------------------------------------------------------------------------+
; Fitter Settings                                                                                                                              ;
+----------------------------------------------------------------------------+--------------------------------+--------------------------------+
; Option                                                                     ; Setting                        ; Default Value                  ;
+----------------------------------------------------------------------------+--------------------------------+--------------------------------+
; Device                                                                     ; AUTO                           ;                                ;
; Fit Attempts to Skip                                                       ; 0                              ; 0.0                            ;
; Use smart compilation                                                      ; Off                            ; Off                            ;
; Enable parallel Assembler and TimeQuest Timing Analyzer during compilation ; On                             ; On                             ;
; Enable compact report table                                                ; Off                            ; Off                            ;
; Auto Merge PLLs                                                            ; On                             ; On                             ;
; Ignore PLL Mode When Merging PLLs                                          ; Off                            ; Off                            ;
; Router Timing Optimization Level                                           ; Normal                         ; Normal                         ;
; Placement Effort Multiplier                                                ; 1.0                            ; 1.0                            ;
; Router Effort Multiplier                                                   ; 1.0                            ; 1.0                            ;
; Always Enable Input Buffers                                                ; Off                            ; Off                            ;
; Optimize Hold Timing                                                       ; IO Paths and Minimum TPD Paths ; IO Paths and Minimum TPD Paths ;
; Optimize Multi-Corner Timing                                               ; On                             ; On                             ;
; PowerPlay Power Optimization                                               ; Normal compilation             ; Normal compilation             ;
; Optimize Timing                                                            ; Normal compilation             ; Normal compilation             ;
; Optimize Timing for ECOs                                                   ; Off                            ; Off                            ;
; Regenerate full fit report during ECO compiles                             ; Off                            ; Off                            ;
; Optimize IOC Register Placement for Timing                                 ; Normal                         ; Normal                         ;
; Limit to One Fitting Attempt                                               ; Off                            ; Off                            ;
; Final Placement Optimizations                                              ; Automatically                  ; Automatically                  ;
; Fitter Aggressive Routability Optimizations                                ; Automatically                  ; Automatically                  ;
; Fitter Initial Placement Seed                                              ; 1                              ; 1                              ;
; PCI I/O                                                                    ; Off                            ; Off                            ;
; Weak Pull-Up Resistor                                                      ; Off                            ; Off                            ;
; Enable Bus-Hold Circuitry                                                  ; Off                            ; Off                            ;
; Auto Global Memory Control Signals                                         ; Off                            ; Off                            ;
; Auto Packed Registers                                                      ; Auto                           ; Auto                           ;
; Auto Delay Chains                                                          ; On                             ; On                             ;
; Auto Delay Chains for High Fanout Input Pins                               ; Off                            ; Off                            ;
; Perform Physical Synthesis for Combinational Logic for Fitting             ; Off                            ; Off                            ;
; Perform Physical Synthesis for Combinational Logic for Performance         ; Off                            ; Off                            ;
; Perform Register Duplication for Performance                               ; Off                            ; Off                            ;
; Perform Logic to Memory Mapping for Fitting                                ; Off                            ; Off                            ;
; Perform Register Retiming for Performance                                  ; Off                            ; Off                            ;
; Perform Asynchronous Signal Pipelining                                     ; Off                            ; Off                            ;
; Fitter Effort                                                              ; Auto Fit                       ; Auto Fit                       ;
; Physical Synthesis Effort Level                                            ; Normal                         ; Normal                         ;
; Auto Global Clock                                                          ; On                             ; On                             ;
; Auto Global Register Control Signals                                       ; On                             ; On                             ;
; Force Fitter to Avoid Periphery Placement Warnings                         ; Off                            ; Off                            ;
+----------------------------------------------------------------------------+--------------------------------+--------------------------------+


Parallel compilation was disabled, but you have multiple processors available. Enable parallel compilation to reduce compilation time.
+-------------------------------------+
; Parallel Compilation                ;
+----------------------------+--------+
; Processors                 ; Number ;
+----------------------------+--------+
; Number detected on machine ; 12     ;
; Maximum allowed            ; 1      ;
+----------------------------+--------+


+----------------------------------------------+
; Incremental Compilation Preservation Summary ;
+---------------------+------------------------+
; Type                ; Value                  ;
+---------------------+------------------------+
; Placement (by node) ;                        ;
;     -- Requested    ; 0 / 149 ( 0.00 % )     ;
;     -- Achieved     ; 0 / 149 ( 0.00 % )     ;
;                     ;                        ;
; Routing (by net)    ;                        ;
;     -- Requested    ; 0 / 0 ( 0.00 % )       ;
;     -- Achieved     ; 0 / 0 ( 0.00 % )       ;
+---------------------+------------------------+


+----------------------------------------------------------------------------------------------------------------------------------------------------------------------------------------+
; Incremental Compilation Partition Settings                                                                                                                                             ;
+--------------------------------+----------------+-------------------+-------------------------+------------------------+------------------------------+--------------------------------+
; Partition Name                 ; Partition Type ; Netlist Type Used ; Preservation Level Used ; Netlist Type Requested ; Preservation Level Requested ; Contents                       ;
+--------------------------------+----------------+-------------------+-------------------------+------------------------+------------------------------+--------------------------------+
; Top                            ; User-created   ; Source File       ; N/A                     ; Source File            ; N/A                          ;                                ;
; hard_block:auto_generated_inst ; Auto-generated ; Source File       ; N/A                     ; Source File            ; N/A                          ; hard_block:auto_generated_inst ;
+--------------------------------+----------------+-------------------+-------------------------+------------------------+------------------------------+--------------------------------+


+------------------------------------------------------------------------------------------------------------+
; Incremental Compilation Placement Preservation                                                             ;
+--------------------------------+---------+-------------------+-------------------------+-------------------+
; Partition Name                 ; # Nodes ; # Preserved Nodes ; Preservation Level Used ; Netlist Type Used ;
+--------------------------------+---------+-------------------+-------------------------+-------------------+
; Top                            ; 146     ; 0                 ; N/A                     ; Source File       ;
; hard_block:auto_generated_inst ; 3       ; 0                 ; N/A                     ; Source File       ;
+--------------------------------+---------+-------------------+-------------------------+-------------------+


+--------------+
; Pin-Out File ;
+--------------+
The pin-out file can be found in C:/Users/maris/OneDrive/Área de Trabalho/cefet 4/aocii/mariana_kaori/output_files/MIC1.pin.


+--------------------------------------------------------------------+
; Fitter Resource Usage Summary                                      ;
+---------------------------------------------+----------------------+
; Resource                                    ; Usage                ;
+---------------------------------------------+----------------------+
; Total logic elements                        ; 43 / 4,608 ( < 1 % ) ;
;     -- Combinational with no register       ; 43                   ;
;     -- Register only                        ; 0                    ;
;     -- Combinational with a register        ; 0                    ;
;                                             ;                      ;
; Logic element usage by number of LUT inputs ;                      ;
;     -- 4 input functions                    ; 35                   ;
;     -- 3 input functions                    ; 8                    ;
;     -- <=2 input functions                  ; 0                    ;
;     -- Register only                        ; 0                    ;
;                                             ;                      ;
; Logic elements by mode                      ;                      ;
;     -- normal mode                          ; 43                   ;
;     -- arithmetic mode                      ; 0                    ;
;                                             ;                      ;
; Total registers*                            ; 0 / 5,058 ( 0 % )    ;
;     -- Dedicated logic registers            ; 0 / 4,608 ( 0 % )    ;
;     -- I/O registers                        ; 0 / 450 ( 0 % )      ;
;                                             ;                      ;
; Total LABs:  partially or completely used   ; 3 / 288 ( 1 % )      ;
; Virtual pins                                ; 0                    ;
; I/O pins                                    ; 102 / 158 ( 65 % )   ;
;     -- Clock pins                           ; 2 / 4 ( 50 % )       ;
;                                             ;                      ;
; Global signals                              ; 0                    ;
; M4Ks                                        ; 0 / 26 ( 0 % )       ;
; Total block memory bits                     ; 0 / 119,808 ( 0 % )  ;
; Total block memory implementation bits      ; 0 / 119,808 ( 0 % )  ;
; Embedded Multiplier 9-bit elements          ; 0 / 26 ( 0 % )       ;
; PLLs                                        ; 0 / 2 ( 0 % )        ;
; Global clocks                               ; 0 / 8 ( 0 % )        ;
; JTAGs                                       ; 0 / 1 ( 0 % )        ;
; ASMI blocks                                 ; 0 / 1 ( 0 % )        ;
; CRC blocks                                  ; 0 / 1 ( 0 % )        ;
; Average interconnect usage (total/H/V)      ; 0% / 0% / 1%         ;
; Peak interconnect usage (total/H/V)         ; 1% / 1% / 1%         ;
; Maximum fan-out                             ; 33                   ;
; Highest non-global fan-out                  ; 33                   ;
; Total fan-out                               ; 198                  ;
; Average fan-out                             ; 1.34                 ;
+---------------------------------------------+----------------------+
*  Register count does not include registers inside RAM blocks or DSP blocks.



+----------------------------------------------------------------------------------------------------+
; Fitter Partition Statistics                                                                        ;
+---------------------------------------------+---------------------+--------------------------------+
; Statistic                                   ; Top                 ; hard_block:auto_generated_inst ;
+---------------------------------------------+---------------------+--------------------------------+
; Difficulty Clustering Region                ; Low                 ; Low                            ;
;                                             ;                     ;                                ;
; Total logic elements                        ; 43 / 4608 ( < 1 % ) ; 0 / 4608 ( 0 % )               ;
;     -- Combinational with no register       ; 43                  ; 0                              ;
;     -- Register only                        ; 0                   ; 0                              ;
;     -- Combinational with a register        ; 0                   ; 0                              ;
;                                             ;                     ;                                ;
; Logic element usage by number of LUT inputs ;                     ;                                ;
;     -- 4 input functions                    ; 35                  ; 0                              ;
;     -- 3 input functions                    ; 8                   ; 0                              ;
;     -- <=2 input functions                  ; 0                   ; 0                              ;
;     -- Register only                        ; 0                   ; 0                              ;
;                                             ;                     ;                                ;
; Logic elements by mode                      ;                     ;                                ;
;     -- normal mode                          ; 43                  ; 0                              ;
;     -- arithmetic mode                      ; 0                   ; 0                              ;
;                                             ;                     ;                                ;
; Total registers                             ; 0                   ; 0                              ;
;     -- Dedicated logic registers            ; 0 / 4608 ( 0 % )    ; 0 / 4608 ( 0 % )               ;
;                                             ;                     ;                                ;
; Total LABs:  partially or completely used   ; 3 / 288 ( 1 % )     ; 0 / 288 ( 0 % )                ;
;                                             ;                     ;                                ;
; Virtual pins                                ; 0                   ; 0                              ;
; I/O pins                                    ; 102                 ; 0                              ;
; Embedded Multiplier 9-bit elements          ; 0 / 26 ( 0 % )      ; 0 / 26 ( 0 % )                 ;
; Total memory bits                           ; 0                   ; 0                              ;
; Total RAM block bits                        ; 0                   ; 0                              ;
;                                             ;                     ;                                ;
; Connections                                 ;                     ;                                ;
;     -- Input Connections                    ; 0                   ; 0                              ;
;     -- Registered Input Connections         ; 0                   ; 0                              ;
;     -- Output Connections                   ; 0                   ; 0                              ;
;     -- Registered Output Connections        ; 0                   ; 0                              ;
;                                             ;                     ;                                ;
; Internal Connections                        ;                     ;                                ;
;     -- Total Connections                    ; 198                 ; 0                              ;
;     -- Registered Connections               ; 0                   ; 0                              ;
;                                             ;                     ;                                ;
; External Connections                        ;                     ;                                ;
;     -- Top                                  ; 0                   ; 0                              ;
;     -- hard_block:auto_generated_inst       ; 0                   ; 0                              ;
;                                             ;                     ;                                ;
; Partition Interface                         ;                     ;                                ;
;     -- Input Ports                          ; 68                  ; 0                              ;
;     -- Output Ports                         ; 34                  ; 0                              ;
;     -- Bidir Ports                          ; 0                   ; 0                              ;
;                                             ;                     ;                                ;
; Registered Ports                            ;                     ;                                ;
;     -- Registered Input Ports               ; 0                   ; 0                              ;
;     -- Registered Output Ports              ; 0                   ; 0                              ;
;                                             ;                     ;                                ;
; Port Connectivity                           ;                     ;                                ;
;     -- Input Ports driven by GND            ; 0                   ; 0                              ;
;     -- Output Ports driven by GND           ; 0                   ; 0                              ;
;     -- Input Ports driven by VCC            ; 0                   ; 0                              ;
;     -- Output Ports driven by VCC           ; 0                   ; 0                              ;
;     -- Input Ports with no Source           ; 0                   ; 0                              ;
;     -- Output Ports with no Source          ; 0                   ; 0                              ;
;     -- Input Ports with no Fanout           ; 0                   ; 0                              ;
;     -- Output Ports with no Fanout          ; 0                   ; 0                              ;
+---------------------------------------------+---------------------+--------------------------------+


+-----------------------------------------------------------------------------------------------------------------------------------------------------------------------------------------------------------------------------------------------------------------+
; Input Pins                                                                                                                                                                                                                                                      ;
+-----------+-------+----------+--------------+--------------+-------------+-----------------------+--------------------+--------+----------------+---------------+-----------------+----------+--------------+--------------+-------------+----------------------+
; Name      ; Pin # ; I/O Bank ; X coordinate ; Y coordinate ; Cell number ; Combinational Fan-Out ; Registered Fan-Out ; Global ; Input Register ; Power Up High ; PCI I/O Enabled ; Bus Hold ; Weak Pull Up ; I/O Standard ; Termination ; Location assigned by ;
+-----------+-------+----------+--------------+--------------+-------------+-----------------------+--------------------+--------+----------------+---------------+-----------------+----------+--------------+--------------+-------------+----------------------+
; INPUT[0]  ; F16   ; 3        ; 28           ; 10           ; 3           ; 3                     ; 0                  ; no     ; no             ; no            ; no              ; no       ; Off          ; 3.3-V LVTTL  ; Off         ; Fitter               ;
; INPUT[10] ; A7    ; 2        ; 12           ; 14           ; 1           ; 2                     ; 0                  ; no     ; no             ; no            ; no              ; no       ; Off          ; 3.3-V LVTTL  ; Off         ; Fitter               ;
; INPUT[11] ; J1    ; 1        ; 0            ; 6            ; 3           ; 2                     ; 0                  ; no     ; no             ; no            ; no              ; no       ; Off          ; 3.3-V LVTTL  ; Off         ; Fitter               ;
; INPUT[12] ; J2    ; 1        ; 0            ; 6            ; 2           ; 2                     ; 0                  ; no     ; no             ; no            ; no              ; no       ; Off          ; 3.3-V LVTTL  ; Off         ; Fitter               ;
; INPUT[13] ; H1    ; 1        ; 0            ; 6            ; 1           ; 2                     ; 0                  ; no     ; no             ; no            ; no              ; no       ; Off          ; 3.3-V LVTTL  ; Off         ; Fitter               ;
; INPUT[14] ; H2    ; 1        ; 0            ; 6            ; 0           ; 2                     ; 0                  ; no     ; no             ; no            ; no              ; no       ; Off          ; 3.3-V LVTTL  ; Off         ; Fitter               ;
; INPUT[15] ; G12   ; 3        ; 28           ; 10           ; 0           ; 2                     ; 0                  ; no     ; no             ; no            ; no              ; no       ; Off          ; 3.3-V LVTTL  ; Off         ; Fitter               ;
; INPUT[16] ; M14   ; 3        ; 28           ; 5            ; 4           ; 2                     ; 0                  ; no     ; no             ; no            ; no              ; no       ; Off          ; 3.3-V LVTTL  ; Off         ; Fitter               ;
; INPUT[17] ; A12   ; 2        ; 21           ; 14           ; 1           ; 2                     ; 0                  ; no     ; no             ; no            ; no              ; no       ; Off          ; 3.3-V LVTTL  ; Off         ; Fitter               ;
; INPUT[18] ; B7    ; 2        ; 12           ; 14           ; 2           ; 2                     ; 0                  ; no     ; no             ; no            ; no              ; no       ; Off          ; 3.3-V LVTTL  ; Off         ; Fitter               ;
; INPUT[19] ; R9    ; 4        ; 12           ; 0            ; 0           ; 2                     ; 0                  ; no     ; no             ; no            ; no              ; no       ; Off          ; 3.3-V LVTTL  ; Off         ; Fitter               ;
; INPUT[1]  ; L15   ; 3        ; 28           ; 5            ; 2           ; 3                     ; 0                  ; no     ; no             ; no            ; no              ; no       ; Off          ; 3.3-V LVTTL  ; Off         ; Fitter               ;
; INPUT[20] ; A8    ; 2        ; 12           ; 14           ; 0           ; 2                     ; 0                  ; no     ; no             ; no            ; no              ; no       ; Off          ; 3.3-V LVTTL  ; Off         ; Fitter               ;
; INPUT[21] ; T11   ; 4        ; 14           ; 0            ; 1           ; 2                     ; 0                  ; no     ; no             ; no            ; no              ; no       ; Off          ; 3.3-V LVTTL  ; Off         ; Fitter               ;
; INPUT[22] ; R12   ; 4        ; 21           ; 0            ; 0           ; 2                     ; 0                  ; no     ; no             ; no            ; no              ; no       ; Off          ; 3.3-V LVTTL  ; Off         ; Fitter               ;
; INPUT[23] ; T10   ; 4        ; 19           ; 0            ; 3           ; 2                     ; 0                  ; no     ; no             ; no            ; no              ; no       ; Off          ; 3.3-V LVTTL  ; Off         ; Fitter               ;
; INPUT[24] ; H12   ; 3        ; 28           ; 8            ; 1           ; 1                     ; 0                  ; no     ; no             ; no            ; no              ; no       ; Off          ; 3.3-V LVTTL  ; Off         ; Fitter               ;
; INPUT[25] ; K15   ; 3        ; 28           ; 6            ; 0           ; 1                     ; 0                  ; no     ; no             ; no            ; no              ; no       ; Off          ; 3.3-V LVTTL  ; Off         ; Fitter               ;
; INPUT[26] ; D8    ; 2        ; 9            ; 14           ; 2           ; 1                     ; 0                  ; no     ; no             ; no            ; no              ; no       ; Off          ; 3.3-V LVTTL  ; Off         ; Fitter               ;
; INPUT[27] ; L7    ; 4        ; 9            ; 0            ; 3           ; 1                     ; 0                  ; no     ; no             ; no            ; no              ; no       ; Off          ; 3.3-V LVTTL  ; Off         ; Fitter               ;
; INPUT[28] ; N10   ; 4        ; 14           ; 0            ; 2           ; 1                     ; 0                  ; no     ; no             ; no            ; no              ; no       ; Off          ; 3.3-V LVTTL  ; Off         ; Fitter               ;
; INPUT[29] ; T9    ; 4        ; 12           ; 0            ; 1           ; 1                     ; 0                  ; no     ; no             ; no            ; no              ; no       ; Off          ; 3.3-V LVTTL  ; Off         ; Fitter               ;
; INPUT[2]  ; B9    ; 2        ; 14           ; 14           ; 3           ; 3                     ; 0                  ; no     ; no             ; no            ; no              ; no       ; Off          ; 3.3-V LVTTL  ; Off         ; Fitter               ;
; INPUT[30] ; T12   ; 4        ; 21           ; 0            ; 1           ; 1                     ; 0                  ; no     ; no             ; no            ; no              ; no       ; Off          ; 3.3-V LVTTL  ; Off         ; Fitter               ;
; INPUT[31] ; P16   ; 3        ; 28           ; 3            ; 1           ; 1                     ; 0                  ; no     ; no             ; no            ; no              ; no       ; Off          ; 3.3-V LVTTL  ; Off         ; Fitter               ;
; INPUT[3]  ; D11   ; 2        ; 14           ; 14           ; 0           ; 3                     ; 0                  ; no     ; no             ; no            ; no              ; no       ; Off          ; 3.3-V LVTTL  ; Off         ; Fitter               ;
; INPUT[4]  ; P11   ; 4        ; 17           ; 0            ; 3           ; 3                     ; 0                  ; no     ; no             ; no            ; no              ; no       ; Off          ; 3.3-V LVTTL  ; Off         ; Fitter               ;
; INPUT[5]  ; A10   ; 2        ; 17           ; 14           ; 1           ; 3                     ; 0                  ; no     ; no             ; no            ; no              ; no       ; Off          ; 3.3-V LVTTL  ; Off         ; Fitter               ;
; INPUT[6]  ; L14   ; 3        ; 28           ; 5            ; 3           ; 3                     ; 0                  ; no     ; no             ; no            ; no              ; no       ; Off          ; 3.3-V LVTTL  ; Off         ; Fitter               ;
; INPUT[7]  ; B12   ; 2        ; 21           ; 14           ; 0           ; 3                     ; 0                  ; no     ; no             ; no            ; no              ; no       ; Off          ; 3.3-V LVTTL  ; Off         ; Fitter               ;
; INPUT[8]  ; H13   ; 3        ; 28           ; 11           ; 2           ; 2                     ; 0                  ; no     ; no             ; no            ; no              ; no       ; Off          ; 3.3-V LVTTL  ; Off         ; Fitter               ;
; INPUT[9]  ; M16   ; 3        ; 28           ; 4            ; 0           ; 2                     ; 0                  ; no     ; no             ; no            ; no              ; no       ; Off          ; 3.3-V LVTTL  ; Off         ; Fitter               ;
; MIR[0]    ; N12   ; 3        ; 28           ; 1            ; 1           ; 0                     ; 0                  ; no     ; no             ; no            ; no              ; no       ; Off          ; 3.3-V LVTTL  ; Off         ; Fitter               ;
; MIR[10]   ; R3    ; 4        ; 1            ; 0            ; 2           ; 0                     ; 0                  ; no     ; no             ; no            ; no              ; no       ; Off          ; 3.3-V LVTTL  ; Off         ; Fitter               ;
; MIR[11]   ; E14   ; 3        ; 28           ; 12           ; 1           ; 0                     ; 0                  ; no     ; no             ; no            ; no              ; no       ; Off          ; 3.3-V LVTTL  ; Off         ; Fitter               ;
; MIR[12]   ; T4    ; 4        ; 3            ; 0            ; 1           ; 0                     ; 0                  ; no     ; no             ; no            ; no              ; no       ; Off          ; 3.3-V LVTTL  ; Off         ; Fitter               ;
; MIR[13]   ; F3    ; 1        ; 0            ; 11           ; 1           ; 0                     ; 0                  ; no     ; no             ; no            ; no              ; no       ; Off          ; 3.3-V LVTTL  ; Off         ; Fitter               ;
; MIR[14]   ; L1    ; 1        ; 0            ; 4            ; 1           ; 0                     ; 0                  ; no     ; no             ; no            ; no              ; no       ; Off          ; 3.3-V LVTTL  ; Off         ; Fitter               ;
; MIR[15]   ; K4    ; 1        ; 0            ; 5            ; 2           ; 0                     ; 0                  ; no     ; no             ; no            ; no              ; no       ; Off          ; 3.3-V LVTTL  ; Off         ; Fitter               ;
; MIR[16]   ; D13   ; 3        ; 28           ; 12           ; 2           ; 0                     ; 0                  ; no     ; no             ; no            ; no              ; no       ; Off          ; 3.3-V LVTTL  ; Off         ; Fitter               ;
; MIR[17]   ; M11   ; 4        ; 26           ; 0            ; 1           ; 0                     ; 0                  ; no     ; no             ; no            ; no              ; no       ; Off          ; 3.3-V LVTTL  ; Off         ; Fitter               ;
; MIR[18]   ; R13   ; 4        ; 24           ; 0            ; 0           ; 0                     ; 0                  ; no     ; no             ; no            ; no              ; no       ; Off          ; 3.3-V LVTTL  ; Off         ; Fitter               ;
; MIR[19]   ; D6    ; 2        ; 5            ; 14           ; 0           ; 0                     ; 0                  ; no     ; no             ; no            ; no              ; no       ; Off          ; 3.3-V LVTTL  ; Off         ; Fitter               ;
; MIR[1]    ; R4    ; 4        ; 3            ; 0            ; 0           ; 0                     ; 0                  ; no     ; no             ; no            ; no              ; no       ; Off          ; 3.3-V LVTTL  ; Off         ; Fitter               ;
; MIR[20]   ; B4    ; 2        ; 3            ; 14           ; 2           ; 0                     ; 0                  ; no     ; no             ; no            ; no              ; no       ; Off          ; 3.3-V LVTTL  ; Off         ; Fitter               ;
; MIR[21]   ; P1    ; 1        ; 0            ; 2            ; 0           ; 0                     ; 0                  ; no     ; no             ; no            ; no              ; no       ; Off          ; 3.3-V LVTTL  ; Off         ; Fitter               ;
; MIR[22]   ; B10   ; 2        ; 17           ; 14           ; 0           ; 33                    ; 0                  ; no     ; no             ; no            ; no              ; no       ; Off          ; 3.3-V LVTTL  ; Off         ; Fitter               ;
; MIR[23]   ; D10   ; 2        ; 14           ; 14           ; 1           ; 33                    ; 0                  ; no     ; no             ; no            ; no              ; no       ; Off          ; 3.3-V LVTTL  ; Off         ; Fitter               ;
; MIR[24]   ; R10   ; 4        ; 17           ; 0            ; 0           ; 0                     ; 0                  ; no     ; no             ; no            ; no              ; no       ; Off          ; 3.3-V LVTTL  ; Off         ; Fitter               ;
; MIR[25]   ; L12   ; 4        ; 24           ; 0            ; 2           ; 0                     ; 0                  ; no     ; no             ; no            ; no              ; no       ; Off          ; 3.3-V LVTTL  ; Off         ; Fitter               ;
; MIR[26]   ; G6    ; 2        ; 7            ; 14           ; 2           ; 0                     ; 0                  ; no     ; no             ; no            ; no              ; no       ; Off          ; 3.3-V LVTTL  ; Off         ; Fitter               ;
; MIR[27]   ; P5    ; 4        ; 1            ; 0            ; 0           ; 0                     ; 0                  ; no     ; no             ; no            ; no              ; no       ; Off          ; 3.3-V LVTTL  ; Off         ; Fitter               ;
; MIR[28]   ; A14   ; 2        ; 26           ; 14           ; 1           ; 0                     ; 0                  ; no     ; no             ; no            ; no              ; no       ; Off          ; 3.3-V LVTTL  ; Off         ; Fitter               ;
; MIR[29]   ; A3    ; 2        ; 1            ; 14           ; 0           ; 0                     ; 0                  ; no     ; no             ; no            ; no              ; no       ; Off          ; 3.3-V LVTTL  ; Off         ; Fitter               ;
; MIR[2]    ; C4    ; 2        ; 5            ; 14           ; 3           ; 0                     ; 0                  ; no     ; no             ; no            ; no              ; no       ; Off          ; 3.3-V LVTTL  ; Off         ; Fitter               ;
; MIR[30]   ; T13   ; 4        ; 24           ; 0            ; 1           ; 0                     ; 0                  ; no     ; no             ; no            ; no              ; no       ; Off          ; 3.3-V LVTTL  ; Off         ; Fitter               ;
; MIR[31]   ; B3    ; 2        ; 1            ; 14           ; 1           ; 0                     ; 0                  ; no     ; no             ; no            ; no              ; no       ; Off          ; 3.3-V LVTTL  ; Off         ; Fitter               ;
; MIR[32]   ; A9    ; 2        ; 14           ; 14           ; 2           ; 0                     ; 0                  ; no     ; no             ; no            ; no              ; no       ; Off          ; 3.3-V LVTTL  ; Off         ; Fitter               ;
; MIR[33]   ; C5    ; 2        ; 5            ; 14           ; 2           ; 0                     ; 0                  ; no     ; no             ; no            ; no              ; no       ; Off          ; 3.3-V LVTTL  ; Off         ; Fitter               ;
; MIR[34]   ; L3    ; 1        ; 0            ; 3            ; 3           ; 0                     ; 0                  ; no     ; no             ; no            ; no              ; no       ; Off          ; 3.3-V LVTTL  ; Off         ; Fitter               ;
; MIR[35]   ; P2    ; 1        ; 0            ; 2            ; 1           ; 0                     ; 0                  ; no     ; no             ; no            ; no              ; no       ; Off          ; 3.3-V LVTTL  ; Off         ; Fitter               ;
; MIR[3]    ; B14   ; 2        ; 26           ; 14           ; 0           ; 0                     ; 0                  ; no     ; no             ; no            ; no              ; no       ; Off          ; 3.3-V LVTTL  ; Off         ; Fitter               ;
; MIR[4]    ; A4    ; 2        ; 3            ; 14           ; 3           ; 0                     ; 0                  ; no     ; no             ; no            ; no              ; no       ; Off          ; 3.3-V LVTTL  ; Off         ; Fitter               ;
; MIR[5]    ; R5    ; 4        ; 5            ; 0            ; 0           ; 0                     ; 0                  ; no     ; no             ; no            ; no              ; no       ; Off          ; 3.3-V LVTTL  ; Off         ; Fitter               ;
; MIR[6]    ; L2    ; 1        ; 0            ; 4            ; 2           ; 0                     ; 0                  ; no     ; no             ; no            ; no              ; no       ; Off          ; 3.3-V LVTTL  ; Off         ; Fitter               ;
; MIR[7]    ; A5    ; 2        ; 3            ; 14           ; 1           ; 0                     ; 0                  ; no     ; no             ; no            ; no              ; no       ; Off          ; 3.3-V LVTTL  ; Off         ; Fitter               ;
; MIR[8]    ; L10   ; 4        ; 17           ; 0            ; 1           ; 0                     ; 0                  ; no     ; no             ; no            ; no              ; no       ; Off          ; 3.3-V LVTTL  ; Off         ; Fitter               ;
; MIR[9]    ; C13   ; 2        ; 26           ; 14           ; 2           ; 0                     ; 0                  ; no     ; no             ; no            ; no              ; no       ; Off          ; 3.3-V LVTTL  ; Off         ; Fitter               ;
+-----------+-------+----------+--------------+--------------+-------------+-----------------------+--------------------+--------+----------------+---------------+-----------------+----------+--------------+--------------+-------------+----------------------+


+------------------------------------------------------------------------------------------------------------------------------------------------------------------------------------------------------------------------------------------------------------------------------------------------------------------------------------------+
; Output Pins                                                                                                                                                                                                                                                                                                                              ;
+------------+-------+----------+--------------+--------------+-------------+-----------------+------------------------+---------------+-----------------+------------+---------------+----------+--------------+--------------+------------------+-------------+----------------------+------+----------------------+---------------------+
; Name       ; Pin # ; I/O Bank ; X coordinate ; Y coordinate ; Cell number ; Output Register ; Output Enable Register ; Power Up High ; PCI I/O Enabled ; Open Drain ; TRI Primitive ; Bus Hold ; Weak Pull Up ; I/O Standard ; Current Strength ; Termination ; Location assigned by ; Load ; Output Enable Source ; Output Enable Group ;
+------------+-------+----------+--------------+--------------+-------------+-----------------+------------------------+---------------+-----------------+------------+---------------+----------+--------------+--------------+------------------+-------------+----------------------+------+----------------------+---------------------+
; N          ; P12   ; 4        ; 21           ; 0            ; 3           ; no              ; no                     ; no            ; no              ; no         ; no            ; no       ; Off          ; 3.3-V LVTTL  ; 24mA             ; Off         ; Fitter               ; 0 pF ; -                    ; -                   ;
; OUTPUT[0]  ; D15   ; 3        ; 28           ; 11           ; 1           ; no              ; no                     ; no            ; no              ; no         ; no            ; no       ; Off          ; 3.3-V LVTTL  ; 24mA             ; Off         ; Fitter               ; 0 pF ; -                    ; -                   ;
; OUTPUT[10] ; R11   ; 4        ; 14           ; 0            ; 0           ; no              ; no                     ; no            ; no              ; no         ; no            ; no       ; Off          ; 3.3-V LVTTL  ; 24mA             ; Off         ; Fitter               ; 0 pF ; -                    ; -                   ;
; OUTPUT[11] ; F7    ; 2        ; 9            ; 14           ; 0           ; no              ; no                     ; no            ; no              ; no         ; no            ; no       ; Off          ; 3.3-V LVTTL  ; 24mA             ; Off         ; Fitter               ; 0 pF ; -                    ; -                   ;
; OUTPUT[12] ; R8    ; 4        ; 9            ; 0            ; 0           ; no              ; no                     ; no            ; no              ; no         ; no            ; no       ; Off          ; 3.3-V LVTTL  ; 24mA             ; Off         ; Fitter               ; 0 pF ; -                    ; -                   ;
; OUTPUT[13] ; T7    ; 4        ; 7            ; 0            ; 1           ; no              ; no                     ; no            ; no              ; no         ; no            ; no       ; Off          ; 3.3-V LVTTL  ; 24mA             ; Off         ; Fitter               ; 0 pF ; -                    ; -                   ;
; OUTPUT[14] ; L16   ; 3        ; 28           ; 5            ; 1           ; no              ; no                     ; no            ; no              ; no         ; no            ; no       ; Off          ; 3.3-V LVTTL  ; 24mA             ; Off         ; Fitter               ; 0 pF ; -                    ; -                   ;
; OUTPUT[15] ; P13   ; 4        ; 21           ; 0            ; 2           ; no              ; no                     ; no            ; no              ; no         ; no            ; no       ; Off          ; 3.3-V LVTTL  ; 24mA             ; Off         ; Fitter               ; 0 pF ; -                    ; -                   ;
; OUTPUT[16] ; A11   ; 2        ; 21           ; 14           ; 2           ; no              ; no                     ; no            ; no              ; no         ; no            ; no       ; Off          ; 3.3-V LVTTL  ; 24mA             ; Off         ; Fitter               ; 0 pF ; -                    ; -                   ;
; OUTPUT[17] ; D16   ; 3        ; 28           ; 11           ; 0           ; no              ; no                     ; no            ; no              ; no         ; no            ; no       ; Off          ; 3.3-V LVTTL  ; 24mA             ; Off         ; Fitter               ; 0 pF ; -                    ; -                   ;
; OUTPUT[18] ; B6    ; 2        ; 7            ; 14           ; 0           ; no              ; no                     ; no            ; no              ; no         ; no            ; no       ; Off          ; 3.3-V LVTTL  ; 24mA             ; Off         ; Fitter               ; 0 pF ; -                    ; -                   ;
; OUTPUT[19] ; T8    ; 4        ; 9            ; 0            ; 1           ; no              ; no                     ; no            ; no              ; no         ; no            ; no       ; Off          ; 3.3-V LVTTL  ; 24mA             ; Off         ; Fitter               ; 0 pF ; -                    ; -                   ;
; OUTPUT[1]  ; J12   ; 3        ; 28           ; 8            ; 0           ; no              ; no                     ; no            ; no              ; no         ; no            ; no       ; Off          ; 3.3-V LVTTL  ; 24mA             ; Off         ; Fitter               ; 0 pF ; -                    ; -                   ;
; OUTPUT[20] ; L8    ; 4        ; 9            ; 0            ; 2           ; no              ; no                     ; no            ; no              ; no         ; no            ; no       ; Off          ; 3.3-V LVTTL  ; 24mA             ; Off         ; Fitter               ; 0 pF ; -                    ; -                   ;
; OUTPUT[21] ; N9    ; 4        ; 14           ; 0            ; 3           ; no              ; no                     ; no            ; no              ; no         ; no            ; no       ; Off          ; 3.3-V LVTTL  ; 24mA             ; Off         ; Fitter               ; 0 pF ; -                    ; -                   ;
; OUTPUT[22] ; K11   ; 4        ; 19           ; 0            ; 2           ; no              ; no                     ; no            ; no              ; no         ; no            ; no       ; Off          ; 3.3-V LVTTL  ; 24mA             ; Off         ; Fitter               ; 0 pF ; -                    ; -                   ;
; OUTPUT[23] ; M15   ; 3        ; 28           ; 4            ; 1           ; no              ; no                     ; no            ; no              ; no         ; no            ; no       ; Off          ; 3.3-V LVTTL  ; 24mA             ; Off         ; Fitter               ; 0 pF ; -                    ; -                   ;
; OUTPUT[24] ; N11   ; 4        ; 19           ; 0            ; 0           ; no              ; no                     ; no            ; no              ; no         ; no            ; no       ; Off          ; 3.3-V LVTTL  ; 24mA             ; Off         ; Fitter               ; 0 pF ; -                    ; -                   ;
; OUTPUT[25] ; N16   ; 3        ; 28           ; 4            ; 2           ; no              ; no                     ; no            ; no              ; no         ; no            ; no       ; Off          ; 3.3-V LVTTL  ; 24mA             ; Off         ; Fitter               ; 0 pF ; -                    ; -                   ;
; OUTPUT[26] ; F8    ; 2        ; 9            ; 14           ; 1           ; no              ; no                     ; no            ; no              ; no         ; no            ; no       ; Off          ; 3.3-V LVTTL  ; 24mA             ; Off         ; Fitter               ; 0 pF ; -                    ; -                   ;
; OUTPUT[27] ; G7    ; 2        ; 7            ; 14           ; 3           ; no              ; no                     ; no            ; no              ; no         ; no            ; no       ; Off          ; 3.3-V LVTTL  ; 24mA             ; Off         ; Fitter               ; 0 pF ; -                    ; -                   ;
; OUTPUT[28] ; N8    ; 4        ; 7            ; 0            ; 2           ; no              ; no                     ; no            ; no              ; no         ; no            ; no       ; Off          ; 3.3-V LVTTL  ; 24mA             ; Off         ; Fitter               ; 0 pF ; -                    ; -                   ;
; OUTPUT[29] ; R7    ; 4        ; 7            ; 0            ; 0           ; no              ; no                     ; no            ; no              ; no         ; no            ; no       ; Off          ; 3.3-V LVTTL  ; 24mA             ; Off         ; Fitter               ; 0 pF ; -                    ; -                   ;
; OUTPUT[2]  ; F15   ; 3        ; 28           ; 9            ; 0           ; no              ; no                     ; no            ; no              ; no         ; no            ; no       ; Off          ; 3.3-V LVTTL  ; 24mA             ; Off         ; Fitter               ; 0 pF ; -                    ; -                   ;
; OUTPUT[30] ; K16   ; 3        ; 28           ; 6            ; 1           ; no              ; no                     ; no            ; no              ; no         ; no            ; no       ; Off          ; 3.3-V LVTTL  ; 24mA             ; Off         ; Fitter               ; 0 pF ; -                    ; -                   ;
; OUTPUT[31] ; K10   ; 4        ; 19           ; 0            ; 1           ; no              ; no                     ; no            ; no              ; no         ; no            ; no       ; Off          ; 3.3-V LVTTL  ; 24mA             ; Off         ; Fitter               ; 0 pF ; -                    ; -                   ;
; OUTPUT[3]  ; G13   ; 3        ; 28           ; 11           ; 3           ; no              ; no                     ; no            ; no              ; no         ; no            ; no       ; Off          ; 3.3-V LVTTL  ; 24mA             ; Off         ; Fitter               ; 0 pF ; -                    ; -                   ;
; OUTPUT[4]  ; G15   ; 3        ; 28           ; 9            ; 1           ; no              ; no                     ; no            ; no              ; no         ; no            ; no       ; Off          ; 3.3-V LVTTL  ; 24mA             ; Off         ; Fitter               ; 0 pF ; -                    ; -                   ;
; OUTPUT[5]  ; G16   ; 3        ; 28           ; 9            ; 2           ; no              ; no                     ; no            ; no              ; no         ; no            ; no       ; Off          ; 3.3-V LVTTL  ; 24mA             ; Off         ; Fitter               ; 0 pF ; -                    ; -                   ;
; OUTPUT[6]  ; G11   ; 2        ; 19           ; 14           ; 2           ; no              ; no                     ; no            ; no              ; no         ; no            ; no       ; Off          ; 3.3-V LVTTL  ; 24mA             ; Off         ; Fitter               ; 0 pF ; -                    ; -                   ;
; OUTPUT[7]  ; C11   ; 2        ; 19           ; 14           ; 0           ; no              ; no                     ; no            ; no              ; no         ; no            ; no       ; Off          ; 3.3-V LVTTL  ; 24mA             ; Off         ; Fitter               ; 0 pF ; -                    ; -                   ;
; OUTPUT[8]  ; G10   ; 2        ; 19           ; 14           ; 1           ; no              ; no                     ; no            ; no              ; no         ; no            ; no       ; Off          ; 3.3-V LVTTL  ; 24mA             ; Off         ; Fitter               ; 0 pF ; -                    ; -                   ;
; OUTPUT[9]  ; J11   ; 3        ; 28           ; 10           ; 2           ; no              ; no                     ; no            ; no              ; no         ; no            ; no       ; Off          ; 3.3-V LVTTL  ; 24mA             ; Off         ; Fitter               ; 0 pF ; -                    ; -                   ;
; Z          ; H11   ; 3        ; 28           ; 10           ; 1           ; no              ; no                     ; no            ; no              ; no         ; no            ; no       ; Off          ; 3.3-V LVTTL  ; 24mA             ; Off         ; Fitter               ; 0 pF ; -                    ; -                   ;
+------------+-------+----------+--------------+--------------+-------------+-----------------+------------------------+---------------+-----------------+------------+---------------+----------+--------------+--------------+------------------+-------------+----------------------+------+----------------------+---------------------+


+------------------------------------------------------------+
; I/O Bank Usage                                             ;
+----------+------------------+---------------+--------------+
; I/O Bank ; Usage            ; VCCIO Voltage ; VREF Voltage ;
+----------+------------------+---------------+--------------+
; 1        ; 13 / 35 ( 37 % ) ; 3.3V          ; --           ;
; 2        ; 32 / 43 ( 74 % ) ; 3.3V          ; --           ;
; 3        ; 27 / 39 ( 69 % ) ; 3.3V          ; --           ;
; 4        ; 33 / 41 ( 80 % ) ; 3.3V          ; --           ;
+----------+------------------+---------------+--------------+


+------------------------------------------------------------------------------------------------------------------------------------------------------------------------+
; All Package Pins                                                                                                                                                       ;
+----------+------------+----------+------------------------------------------+--------+--------------+---------+------------+-----------------+----------+--------------+
; Location ; Pad Number ; I/O Bank ; Pin Name/Usage                           ; Dir.   ; I/O Standard ; Voltage ; I/O Type   ; User Assignment ; Bus Hold ; Weak Pull Up ;
+----------+------------+----------+------------------------------------------+--------+--------------+---------+------------+-----------------+----------+--------------+
; A1       ;            ;          ; GND                                      ; gnd    ;              ;         ; --         ;                 ; --       ; --           ;
; A2       ;            ; 2        ; VCCIO2                                   ; power  ;              ; 3.3V    ; --         ;                 ; --       ; --           ;
; A3       ; 166        ; 2        ; MIR[29]                                  ; input  ; 3.3-V LVTTL  ;         ; Column I/O ; N               ; no       ; Off          ;
; A4       ; 165        ; 2        ; MIR[4]                                   ; input  ; 3.3-V LVTTL  ;         ; Column I/O ; N               ; no       ; Off          ;
; A5       ; 163        ; 2        ; MIR[7]                                   ; input  ; 3.3-V LVTTL  ;         ; Column I/O ; N               ; no       ; Off          ;
; A6       ; 155        ; 2        ; GND*                                     ;        ;              ;         ; Column I/O ;                 ; no       ; Off          ;
; A7       ; 149        ; 2        ; INPUT[10]                                ; input  ; 3.3-V LVTTL  ;         ; Column I/O ; N               ; no       ; Off          ;
; A8       ; 148        ; 2        ; INPUT[20]                                ; input  ; 3.3-V LVTTL  ;         ; Column I/O ; N               ; no       ; Off          ;
; A9       ; 146        ; 2        ; MIR[32]                                  ; input  ; 3.3-V LVTTL  ;         ; Column I/O ; N               ; no       ; Off          ;
; A10      ; 141        ; 2        ; INPUT[5]                                 ; input  ; 3.3-V LVTTL  ;         ; Column I/O ; N               ; no       ; Off          ;
; A11      ; 136        ; 2        ; OUTPUT[16]                               ; output ; 3.3-V LVTTL  ;         ; Column I/O ; N               ; no       ; Off          ;
; A12      ; 135        ; 2        ; INPUT[17]                                ; input  ; 3.3-V LVTTL  ;         ; Column I/O ; N               ; no       ; Off          ;
; A13      ; 132        ; 2        ; GND*                                     ;        ;              ;         ; Column I/O ;                 ; no       ; Off          ;
; A14      ; 128        ; 2        ; MIR[28]                                  ; input  ; 3.3-V LVTTL  ;         ; Column I/O ; N               ; no       ; Off          ;
; A15      ;            ; 2        ; VCCIO2                                   ; power  ;              ; 3.3V    ; --         ;                 ; --       ; --           ;
; A16      ;            ;          ; GND                                      ; gnd    ;              ;         ; --         ;                 ; --       ; --           ;
; B1       ;            ; 1        ; VCCIO1                                   ; power  ;              ; 3.3V    ; --         ;                 ; --       ; --           ;
; B2       ;            ;          ; GND                                      ; gnd    ;              ;         ; --         ;                 ; --       ; --           ;
; B3       ; 167        ; 2        ; MIR[31]                                  ; input  ; 3.3-V LVTTL  ;         ; Column I/O ; N               ; no       ; Off          ;
; B4       ; 164        ; 2        ; MIR[20]                                  ; input  ; 3.3-V LVTTL  ;         ; Column I/O ; N               ; no       ; Off          ;
; B5       ; 162        ; 2        ; GND*                                     ;        ;              ;         ; Column I/O ;                 ; no       ; Off          ;
; B6       ; 154        ; 2        ; OUTPUT[18]                               ; output ; 3.3-V LVTTL  ;         ; Column I/O ; N               ; no       ; Off          ;
; B7       ; 150        ; 2        ; INPUT[18]                                ; input  ; 3.3-V LVTTL  ;         ; Column I/O ; N               ; no       ; Off          ;
; B8       ;            ;          ; NC                                       ;        ;              ;         ; --         ;                 ; --       ; --           ;
; B9       ; 147        ; 2        ; INPUT[2]                                 ; input  ; 3.3-V LVTTL  ;         ; Column I/O ; N               ; no       ; Off          ;
; B10      ; 140        ; 2        ; MIR[22]                                  ; input  ; 3.3-V LVTTL  ;         ; Column I/O ; N               ; no       ; Off          ;
; B11      ; 133        ; 2        ; GND*                                     ;        ;              ;         ; Column I/O ;                 ; no       ; Off          ;
; B12      ; 134        ; 2        ; INPUT[7]                                 ; input  ; 3.3-V LVTTL  ;         ; Column I/O ; N               ; no       ; Off          ;
; B13      ; 131        ; 2        ; GND*                                     ;        ;              ;         ; Column I/O ;                 ; no       ; Off          ;
; B14      ; 127        ; 2        ; MIR[3]                                   ; input  ; 3.3-V LVTTL  ;         ; Column I/O ; N               ; no       ; Off          ;
; B15      ;            ;          ; GND                                      ; gnd    ;              ;         ; --         ;                 ; --       ; --           ;
; B16      ;            ; 3        ; VCCIO3                                   ; power  ;              ; 3.3V    ; --         ;                 ; --       ; --           ;
; C1       ; 2          ; 1        ; GND*                                     ;        ;              ;         ; Row I/O    ;                 ; no       ; Off          ;
; C2       ; 3          ; 1        ; GND*                                     ;        ;              ;         ; Row I/O    ;                 ; no       ; Off          ;
; C3       ; 0          ; 1        ; ~ASDO~ / RESERVED_INPUT_WITH_WEAK_PULLUP ; input  ; 3.3-V LVTTL  ;         ; Row I/O    ; N               ; no       ; On           ;
; C4       ; 161        ; 2        ; MIR[2]                                   ; input  ; 3.3-V LVTTL  ;         ; Column I/O ; N               ; no       ; Off          ;
; C5       ; 160        ; 2        ; MIR[33]                                  ; input  ; 3.3-V LVTTL  ;         ; Column I/O ; N               ; no       ; Off          ;
; C6       ; 159        ; 2        ; GND*                                     ;        ;              ;         ; Column I/O ;                 ; no       ; Off          ;
; C7       ;            ; 2        ; VCCIO2                                   ; power  ;              ; 3.3V    ; --         ;                 ; --       ; --           ;
; C8       ;            ;          ; GND                                      ; gnd    ;              ;         ; --         ;                 ; --       ; --           ;
; C9       ;            ;          ; GND                                      ; gnd    ;              ;         ; --         ;                 ; --       ; --           ;
; C10      ;            ; 2        ; VCCIO2                                   ; power  ;              ; 3.3V    ; --         ;                 ; --       ; --           ;
; C11      ; 137        ; 2        ; OUTPUT[7]                                ; output ; 3.3-V LVTTL  ;         ; Column I/O ; N               ; no       ; Off          ;
; C12      ; 130        ; 2        ; GND*                                     ;        ;              ;         ; Column I/O ;                 ; no       ; Off          ;
; C13      ; 129        ; 2        ; MIR[9]                                   ; input  ; 3.3-V LVTTL  ;         ; Column I/O ; N               ; no       ; Off          ;
; C14      ; 123        ; 3        ; GND*                                     ;        ;              ;         ; Row I/O    ;                 ; no       ; Off          ;
; C15      ;            ;          ; NC                                       ;        ;              ;         ; --         ;                 ; --       ; --           ;
; C16      ;            ;          ; NC                                       ;        ;              ;         ; --         ;                 ; --       ; --           ;
; D1       ;            ;          ; NC                                       ;        ;              ;         ; --         ;                 ; --       ; --           ;
; D2       ;            ;          ; NC                                       ;        ;              ;         ; --         ;                 ; --       ; --           ;
; D3       ; 8          ; 1        ; GND*                                     ;        ;              ;         ; Row I/O    ;                 ; no       ; Off          ;
; D4       ; 9          ; 1        ; GND*                                     ;        ;              ;         ; Row I/O    ;                 ; no       ; Off          ;
; D5       ; 4          ; 1        ; GND*                                     ;        ;              ;         ; Row I/O    ;                 ; no       ; Off          ;
; D6       ; 158        ; 2        ; MIR[19]                                  ; input  ; 3.3-V LVTTL  ;         ; Column I/O ; N               ; no       ; Off          ;
; D7       ;            ;          ; NC                                       ;        ;              ;         ; --         ;                 ; --       ; --           ;
; D8       ; 153        ; 2        ; INPUT[26]                                ; input  ; 3.3-V LVTTL  ;         ; Column I/O ; N               ; no       ; Off          ;
; D9       ;            ;          ; NC                                       ;        ;              ;         ; --         ;                 ; --       ; --           ;
; D10      ; 145        ; 2        ; MIR[23]                                  ; input  ; 3.3-V LVTTL  ;         ; Column I/O ; N               ; no       ; Off          ;
; D11      ; 144        ; 2        ; INPUT[3]                                 ; input  ; 3.3-V LVTTL  ;         ; Column I/O ; N               ; no       ; Off          ;
; D12      ;            ;          ; GND_PLL2                                 ; gnd    ;              ;         ; --         ;                 ; --       ; --           ;
; D13      ; 124        ; 3        ; MIR[16]                                  ; input  ; 3.3-V LVTTL  ;         ; Row I/O    ; N               ; no       ; Off          ;
; D14      ; 126        ; 3        ; GND*                                     ;        ;              ;         ; Row I/O    ;                 ; no       ; Off          ;
; D15      ; 120        ; 3        ; OUTPUT[0]                                ; output ; 3.3-V LVTTL  ;         ; Row I/O    ; N               ; no       ; Off          ;
; D16      ; 121        ; 3        ; OUTPUT[17]                               ; output ; 3.3-V LVTTL  ;         ; Row I/O    ; N               ; no       ; Off          ;
; E1       ; 11         ; 1        ; GND*                                     ;        ;              ;         ; Row I/O    ;                 ; no       ; Off          ;
; E2       ; 12         ; 1        ; GND*                                     ;        ;              ;         ; Row I/O    ;                 ; no       ; Off          ;
; E3       ; 6          ; 1        ; GND*                                     ;        ;              ;         ; Row I/O    ;                 ; no       ; Off          ;
; E4       ; 7          ; 1        ; GND*                                     ;        ;              ;         ; Row I/O    ;                 ; no       ; Off          ;
; E5       ; 5          ; 1        ; GND*                                     ;        ;              ;         ; Row I/O    ;                 ; no       ; Off          ;
; E6       ; 168        ; 2        ; GND*                                     ;        ;              ;         ; Column I/O ;                 ; no       ; Off          ;
; E7       ;            ; 2        ; VCCIO2                                   ; power  ;              ; 3.3V    ; --         ;                 ; --       ; --           ;
; E8       ;            ;          ; GND                                      ; gnd    ;              ;         ; --         ;                 ; --       ; --           ;
; E9       ;            ;          ; GND                                      ; gnd    ;              ;         ; --         ;                 ; --       ; --           ;
; E10      ;            ; 2        ; VCCIO2                                   ; power  ;              ; 3.3V    ; --         ;                 ; --       ; --           ;
; E11      ;            ;          ; GNDA_PLL2                                ; gnd    ;              ;         ; --         ;                 ; --       ; --           ;
; E12      ;            ;          ; VCCA_PLL2                                ; power  ;              ; 1.2V    ; --         ;                 ; --       ; --           ;
; E13      ;            ;          ; NC                                       ;        ;              ;         ; --         ;                 ; --       ; --           ;
; E14      ; 125        ; 3        ; MIR[11]                                  ; input  ; 3.3-V LVTTL  ;         ; Row I/O    ; N               ; no       ; Off          ;
; E15      ;            ;          ; NC                                       ;        ;              ;         ; --         ;                 ; --       ; --           ;
; E16      ; 122        ; 3        ; GND*                                     ;        ;              ;         ; Row I/O    ;                 ; no       ; Off          ;
; F1       ; 17         ; 1        ; ^DATA0                                   ; input  ;              ;         ; --         ;                 ; --       ; --           ;
; F2       ; 15         ; 1        ; #TCK                                     ; input  ;              ;         ; --         ;                 ; --       ; --           ;
; F3       ; 10         ; 1        ; MIR[13]                                  ; input  ; 3.3-V LVTTL  ;         ; Row I/O    ; N               ; no       ; Off          ;
; F4       ; 1          ; 1        ; ~nCSO~ / RESERVED_INPUT_WITH_WEAK_PULLUP ; input  ; 3.3-V LVTTL  ;         ; Row I/O    ; N               ; no       ; On           ;
; F5       ;            ;          ; NC                                       ;        ;              ;         ; --         ;                 ; --       ; --           ;
; F6       ; 169        ; 2        ; GND*                                     ;        ;              ;         ; Column I/O ;                 ; no       ; Off          ;
; F7       ; 151        ; 2        ; OUTPUT[11]                               ; output ; 3.3-V LVTTL  ;         ; Column I/O ; N               ; no       ; Off          ;
; F8       ; 152        ; 2        ; OUTPUT[26]                               ; output ; 3.3-V LVTTL  ;         ; Column I/O ; N               ; no       ; Off          ;
; F9       ; 143        ; 2        ; GND*                                     ;        ;              ;         ; Column I/O ;                 ; no       ; Off          ;
; F10      ; 142        ; 2        ; GND*                                     ;        ;              ;         ; Column I/O ;                 ; no       ; Off          ;
; F11      ;            ;          ; VCCD_PLL2                                ; power  ;              ; 1.2V    ; --         ;                 ; --       ; --           ;
; F12      ;            ;          ; GND_PLL2                                 ; gnd    ;              ;         ; --         ;                 ; --       ; --           ;
; F13      ;            ;          ; NC                                       ;        ;              ;         ; --         ;                 ; --       ; --           ;
; F14      ;            ;          ; NC                                       ;        ;              ;         ; --         ;                 ; --       ; --           ;
; F15      ; 113        ; 3        ; OUTPUT[2]                                ; output ; 3.3-V LVTTL  ;         ; Row I/O    ; N               ; no       ; Off          ;
; F16      ; 114        ; 3        ; INPUT[0]                                 ; input  ; 3.3-V LVTTL  ;         ; Row I/O    ; N               ; no       ; Off          ;
; G1       ; 14         ; 1        ; #TMS                                     ; input  ;              ;         ; --         ;                 ; --       ; --           ;
; G2       ; 13         ; 1        ; #TDO                                     ; output ;              ;         ; --         ;                 ; --       ; --           ;
; G3       ;            ; 1        ; VCCIO1                                   ; power  ;              ; 3.3V    ; --         ;                 ; --       ; --           ;
; G4       ;            ;          ; NC                                       ;        ;              ;         ; --         ;                 ; --       ; --           ;
; G5       ; 19         ; 1        ; ^nCE                                     ;        ;              ;         ; --         ;                 ; --       ; --           ;
; G6       ; 156        ; 2        ; MIR[26]                                  ; input  ; 3.3-V LVTTL  ;         ; Column I/O ; N               ; no       ; Off          ;
; G7       ; 157        ; 2        ; OUTPUT[27]                               ; output ; 3.3-V LVTTL  ;         ; Column I/O ; N               ; no       ; Off          ;
; G8       ;            ;          ; GND                                      ; gnd    ;              ;         ; --         ;                 ; --       ; --           ;
; G9       ;            ;          ; VCCINT                                   ; power  ;              ; 1.2V    ; --         ;                 ; --       ; --           ;
; G10      ; 138        ; 2        ; OUTPUT[8]                                ; output ; 3.3-V LVTTL  ;         ; Column I/O ; N               ; no       ; Off          ;
; G11      ; 139        ; 2        ; OUTPUT[6]                                ; output ; 3.3-V LVTTL  ;         ; Column I/O ; N               ; no       ; Off          ;
; G12      ; 117        ; 3        ; INPUT[15]                                ; input  ; 3.3-V LVTTL  ;         ; Row I/O    ; N               ; no       ; Off          ;
; G13      ; 118        ; 3        ; OUTPUT[3]                                ; output ; 3.3-V LVTTL  ;         ; Row I/O    ; N               ; no       ; Off          ;
; G14      ;            ; 3        ; VCCIO3                                   ; power  ;              ; 3.3V    ; --         ;                 ; --       ; --           ;
; G15      ; 112        ; 3        ; OUTPUT[4]                                ; output ; 3.3-V LVTTL  ;         ; Row I/O    ; N               ; no       ; Off          ;
; G16      ; 111        ; 3        ; OUTPUT[5]                                ; output ; 3.3-V LVTTL  ;         ; Row I/O    ; N               ; no       ; Off          ;
; H1       ; 21         ; 1        ; INPUT[13]                                ; input  ; 3.3-V LVTTL  ;         ; Row I/O    ; N               ; no       ; Off          ;
; H2       ; 20         ; 1        ; INPUT[14]                                ; input  ; 3.3-V LVTTL  ;         ; Row I/O    ; N               ; no       ; Off          ;
; H3       ;            ;          ; GND                                      ; gnd    ;              ;         ; --         ;                 ; --       ; --           ;
; H4       ; 18         ; 1        ; ^DCLK                                    ;        ;              ;         ; --         ;                 ; --       ; --           ;
; H5       ; 16         ; 1        ; #TDI                                     ; input  ;              ;         ; --         ;                 ; --       ; --           ;
; H6       ;            ;          ; NC                                       ;        ;              ;         ; --         ;                 ; --       ; --           ;
; H7       ;            ;          ; VCCINT                                   ; power  ;              ; 1.2V    ; --         ;                 ; --       ; --           ;
; H8       ;            ;          ; GND                                      ; gnd    ;              ;         ; --         ;                 ; --       ; --           ;
; H9       ;            ;          ; GND                                      ; gnd    ;              ;         ; --         ;                 ; --       ; --           ;
; H10      ;            ;          ; VCCINT                                   ; power  ;              ; 1.2V    ; --         ;                 ; --       ; --           ;
; H11      ; 116        ; 3        ; Z                                        ; output ; 3.3-V LVTTL  ;         ; Row I/O    ; N               ; no       ; Off          ;
; H12      ; 109        ; 3        ; INPUT[24]                                ; input  ; 3.3-V LVTTL  ;         ; Row I/O    ; N               ; no       ; Off          ;
; H13      ; 119        ; 3        ; INPUT[8]                                 ; input  ; 3.3-V LVTTL  ;         ; Row I/O    ; N               ; no       ; Off          ;
; H14      ;            ;          ; GND                                      ; gnd    ;              ;         ; --         ;                 ; --       ; --           ;
; H15      ; 107        ; 3        ; GND+                                     ;        ;              ;         ; Row I/O    ;                 ; --       ; --           ;
; H16      ; 108        ; 3        ; GND+                                     ;        ;              ;         ; Row I/O    ;                 ; --       ; --           ;
; J1       ; 24         ; 1        ; INPUT[11]                                ; input  ; 3.3-V LVTTL  ;         ; Row I/O    ; N               ; no       ; Off          ;
; J2       ; 23         ; 1        ; INPUT[12]                                ; input  ; 3.3-V LVTTL  ;         ; Row I/O    ; N               ; no       ; Off          ;
; J3       ;            ;          ; GND                                      ; gnd    ;              ;         ; --         ;                 ; --       ; --           ;
; J4       ; 32         ; 1        ; GND*                                     ;        ;              ;         ; Row I/O    ;                 ; --       ; --           ;
; J5       ; 22         ; 1        ; ^nCONFIG                                 ;        ;              ;         ; --         ;                 ; --       ; --           ;
; J6       ;            ;          ; NC                                       ;        ;              ;         ; --         ;                 ; --       ; --           ;
; J7       ;            ;          ; VCCINT                                   ; power  ;              ; 1.2V    ; --         ;                 ; --       ; --           ;
; J8       ;            ;          ; GND                                      ; gnd    ;              ;         ; --         ;                 ; --       ; --           ;
; J9       ;            ;          ; GND                                      ; gnd    ;              ;         ; --         ;                 ; --       ; --           ;
; J10      ;            ;          ; NC                                       ;        ;              ;         ; --         ;                 ; --       ; --           ;
; J11      ; 115        ; 3        ; OUTPUT[9]                                ; output ; 3.3-V LVTTL  ;         ; Row I/O    ; N               ; no       ; Off          ;
; J12      ; 110        ; 3        ; OUTPUT[1]                                ; output ; 3.3-V LVTTL  ;         ; Row I/O    ; N               ; no       ; Off          ;
; J13      ; 102        ; 3        ; ^MSEL0                                   ;        ;              ;         ; --         ;                 ; --       ; --           ;
; J14      ;            ;          ; GND                                      ; gnd    ;              ;         ; --         ;                 ; --       ; --           ;
; J15      ; 106        ; 3        ; GND+                                     ;        ;              ;         ; Row I/O    ;                 ; --       ; --           ;
; J16      ; 105        ; 3        ; GND+                                     ;        ;              ;         ; Row I/O    ;                 ; --       ; --           ;
; K1       ; 26         ; 1        ; GND*                                     ;        ;              ;         ; Row I/O    ;                 ; no       ; Off          ;
; K2       ; 25         ; 1        ; GND*                                     ;        ;              ;         ; Row I/O    ;                 ; no       ; Off          ;
; K3       ;            ; 1        ; VCCIO1                                   ; power  ;              ; 3.3V    ; --         ;                 ; --       ; --           ;
; K4       ; 27         ; 1        ; MIR[15]                                  ; input  ; 3.3-V LVTTL  ;         ; Row I/O    ; N               ; no       ; Off          ;
; K5       ; 28         ; 1        ; GND*                                     ;        ;              ;         ; Row I/O    ;                 ; no       ; Off          ;
; K6       ;            ;          ; NC                                       ;        ;              ;         ; --         ;                 ; --       ; --           ;
; K7       ;            ;          ; NC                                       ;        ;              ;         ; --         ;                 ; --       ; --           ;
; K8       ;            ;          ; NC                                       ;        ;              ;         ; --         ;                 ; --       ; --           ;
; K9       ;            ;          ; GND                                      ; gnd    ;              ;         ; --         ;                 ; --       ; --           ;
; K10      ; 71         ; 4        ; OUTPUT[31]                               ; output ; 3.3-V LVTTL  ;         ; Column I/O ; N               ; no       ; Off          ;
; K11      ; 70         ; 4        ; OUTPUT[22]                               ; output ; 3.3-V LVTTL  ;         ; Column I/O ; N               ; no       ; Off          ;
; K12      ; 101        ; 3        ; ^MSEL1                                   ;        ;              ;         ; --         ;                 ; --       ; --           ;
; K13      ;            ;          ; NC                                       ;        ;              ;         ; --         ;                 ; --       ; --           ;
; K14      ;            ; 3        ; VCCIO3                                   ; power  ;              ; 3.3V    ; --         ;                 ; --       ; --           ;
; K15      ; 104        ; 3        ; INPUT[25]                                ; input  ; 3.3-V LVTTL  ;         ; Row I/O    ; N               ; no       ; Off          ;
; K16      ; 103        ; 3        ; OUTPUT[30]                               ; output ; 3.3-V LVTTL  ;         ; Row I/O    ; N               ; no       ; Off          ;
; L1       ; 30         ; 1        ; MIR[14]                                  ; input  ; 3.3-V LVTTL  ;         ; Row I/O    ; N               ; no       ; Off          ;
; L2       ; 31         ; 1        ; MIR[6]                                   ; input  ; 3.3-V LVTTL  ;         ; Row I/O    ; N               ; no       ; Off          ;
; L3       ; 37         ; 1        ; MIR[34]                                  ; input  ; 3.3-V LVTTL  ;         ; Row I/O    ; N               ; no       ; Off          ;
; L4       ; 41         ; 1        ; GND*                                     ;        ;              ;         ; Row I/O    ;                 ; no       ; Off          ;
; L5       ;            ;          ; GND_PLL1                                 ; gnd    ;              ;         ; --         ;                 ; --       ; --           ;
; L6       ;            ;          ; VCCD_PLL1                                ; power  ;              ; 1.2V    ; --         ;                 ; --       ; --           ;
; L7       ; 55         ; 4        ; INPUT[27]                                ; input  ; 3.3-V LVTTL  ;         ; Column I/O ; N               ; no       ; Off          ;
; L8       ; 56         ; 4        ; OUTPUT[20]                               ; output ; 3.3-V LVTTL  ;         ; Column I/O ; N               ; no       ; Off          ;
; L9       ; 66         ; 4        ; GND*                                     ;        ;              ;         ; Column I/O ;                 ; no       ; Off          ;
; L10      ; 67         ; 4        ; MIR[8]                                   ; input  ; 3.3-V LVTTL  ;         ; Column I/O ; N               ; no       ; Off          ;
; L11      ; 83         ; 4        ; GND*                                     ;        ;              ;         ; Column I/O ;                 ; no       ; Off          ;
; L12      ; 77         ; 4        ; MIR[25]                                  ; input  ; 3.3-V LVTTL  ;         ; Column I/O ; N               ; no       ; Off          ;
; L13      ; 100        ; 3        ; ^CONF_DONE                               ;        ;              ;         ; --         ;                 ; --       ; --           ;
; L14      ; 96         ; 3        ; INPUT[6]                                 ; input  ; 3.3-V LVTTL  ;         ; Row I/O    ; N               ; no       ; Off          ;
; L15      ; 97         ; 3        ; INPUT[1]                                 ; input  ; 3.3-V LVTTL  ;         ; Row I/O    ; N               ; no       ; Off          ;
; L16      ; 98         ; 3        ; OUTPUT[14]                               ; output ; 3.3-V LVTTL  ;         ; Row I/O    ; N               ; no       ; Off          ;
; M1       ; 29         ; 1        ; GND*                                     ;        ;              ;         ; Row I/O    ;                 ; no       ; Off          ;
; M2       ; 33         ; 1        ; GND*                                     ;        ;              ;         ; Row I/O    ;                 ; no       ; Off          ;
; M3       ; 34         ; 1        ; GND*                                     ;        ;              ;         ; Row I/O    ;                 ; no       ; Off          ;
; M4       ; 42         ; 1        ; GND*                                     ;        ;              ;         ; Row I/O    ;                 ; no       ; Off          ;
; M5       ;            ;          ; VCCA_PLL1                                ; power  ;              ; 1.2V    ; --         ;                 ; --       ; --           ;
; M6       ;            ;          ; GNDA_PLL1                                ; gnd    ;              ;         ; --         ;                 ; --       ; --           ;
; M7       ;            ; 4        ; VCCIO4                                   ; power  ;              ; 3.3V    ; --         ;                 ; --       ; --           ;
; M8       ;            ;          ; GND                                      ; gnd    ;              ;         ; --         ;                 ; --       ; --           ;
; M9       ;            ;          ; GND                                      ; gnd    ;              ;         ; --         ;                 ; --       ; --           ;
; M10      ;            ; 4        ; VCCIO4                                   ; power  ;              ; 3.3V    ; --         ;                 ; --       ; --           ;
; M11      ; 82         ; 4        ; MIR[17]                                  ; input  ; 3.3-V LVTTL  ;         ; Column I/O ; N               ; no       ; Off          ;
; M12      ; 85         ; 3        ; GND*                                     ;        ;              ;         ; Row I/O    ;                 ; no       ; Off          ;
; M13      ; 99         ; 3        ; ^nSTATUS                                 ;        ;              ;         ; --         ;                 ; --       ; --           ;
; M14      ; 95         ; 3        ; INPUT[16]                                ; input  ; 3.3-V LVTTL  ;         ; Row I/O    ; N               ; no       ; Off          ;
; M15      ; 93         ; 3        ; OUTPUT[23]                               ; output ; 3.3-V LVTTL  ;         ; Row I/O    ; N               ; no       ; Off          ;
; M16      ; 94         ; 3        ; INPUT[9]                                 ; input  ; 3.3-V LVTTL  ;         ; Row I/O    ; N               ; no       ; Off          ;
; N1       ; 35         ; 1        ; GND*                                     ;        ;              ;         ; Row I/O    ;                 ; no       ; Off          ;
; N2       ; 36         ; 1        ; GND*                                     ;        ;              ;         ; Row I/O    ;                 ; no       ; Off          ;
; N3       ;            ;          ; NC                                       ;        ;              ;         ; --         ;                 ; --       ; --           ;
; N4       ;            ;          ; NC                                       ;        ;              ;         ; --         ;                 ; --       ; --           ;
; N5       ;            ;          ; GND_PLL1                                 ; gnd    ;              ;         ; --         ;                 ; --       ; --           ;
; N6       ;            ;          ; NC                                       ;        ;              ;         ; --         ;                 ; --       ; --           ;
; N7       ;            ;          ; NC                                       ;        ;              ;         ; --         ;                 ; --       ; --           ;
; N8       ; 52         ; 4        ; OUTPUT[28]                               ; output ; 3.3-V LVTTL  ;         ; Column I/O ; N               ; no       ; Off          ;
; N9       ; 61         ; 4        ; OUTPUT[21]                               ; output ; 3.3-V LVTTL  ;         ; Column I/O ; N               ; no       ; Off          ;
; N10      ; 62         ; 4        ; INPUT[28]                                ; input  ; 3.3-V LVTTL  ;         ; Column I/O ; N               ; no       ; Off          ;
; N11      ; 72         ; 4        ; OUTPUT[24]                               ; output ; 3.3-V LVTTL  ;         ; Column I/O ; N               ; no       ; Off          ;
; N12      ; 84         ; 3        ; MIR[0]                                   ; input  ; 3.3-V LVTTL  ;         ; Row I/O    ; N               ; no       ; Off          ;
; N13      ; 86         ; 3        ; GND*                                     ;        ;              ;         ; Row I/O    ;                 ; no       ; Off          ;
; N14      ; 87         ; 3        ; ~LVDS41p/nCEO~                           ; output ; 3.3-V LVTTL  ;         ; Row I/O    ; N               ; no       ; Off          ;
; N15      ; 91         ; 3        ; GND*                                     ;        ;              ;         ; Row I/O    ;                 ; no       ; Off          ;
; N16      ; 92         ; 3        ; OUTPUT[25]                               ; output ; 3.3-V LVTTL  ;         ; Row I/O    ; N               ; no       ; Off          ;
; P1       ; 38         ; 1        ; MIR[21]                                  ; input  ; 3.3-V LVTTL  ;         ; Row I/O    ; N               ; no       ; Off          ;
; P2       ; 39         ; 1        ; MIR[35]                                  ; input  ; 3.3-V LVTTL  ;         ; Row I/O    ; N               ; no       ; Off          ;
; P3       ; 40         ; 1        ; GND*                                     ;        ;              ;         ; Row I/O    ;                 ; no       ; Off          ;
; P4       ; 46         ; 4        ; GND*                                     ;        ;              ;         ; Column I/O ;                 ; no       ; Off          ;
; P5       ; 45         ; 4        ; MIR[27]                                  ; input  ; 3.3-V LVTTL  ;         ; Column I/O ; N               ; no       ; Off          ;
; P6       ;            ;          ; NC                                       ;        ;              ;         ; --         ;                 ; --       ; --           ;
; P7       ;            ; 4        ; VCCIO4                                   ; power  ;              ; 3.3V    ; --         ;                 ; --       ; --           ;
; P8       ;            ;          ; GND                                      ; gnd    ;              ;         ; --         ;                 ; --       ; --           ;
; P9       ;            ;          ; GND                                      ; gnd    ;              ;         ; --         ;                 ; --       ; --           ;
; P10      ;            ; 4        ; VCCIO4                                   ; power  ;              ; 3.3V    ; --         ;                 ; --       ; --           ;
; P11      ; 65         ; 4        ; INPUT[4]                                 ; input  ; 3.3-V LVTTL  ;         ; Column I/O ; N               ; no       ; Off          ;
; P12      ; 73         ; 4        ; N                                        ; output ; 3.3-V LVTTL  ;         ; Column I/O ; N               ; no       ; Off          ;
; P13      ; 74         ; 4        ; OUTPUT[15]                               ; output ; 3.3-V LVTTL  ;         ; Column I/O ; N               ; no       ; Off          ;
; P14      ; 88         ; 3        ; GND*                                     ;        ;              ;         ; Row I/O    ;                 ; no       ; Off          ;
; P15      ; 89         ; 3        ; GND*                                     ;        ;              ;         ; Row I/O    ;                 ; no       ; Off          ;
; P16      ; 90         ; 3        ; INPUT[31]                                ; input  ; 3.3-V LVTTL  ;         ; Row I/O    ; N               ; no       ; Off          ;
; R1       ;            ; 1        ; VCCIO1                                   ; power  ;              ; 3.3V    ; --         ;                 ; --       ; --           ;
; R2       ;            ;          ; GND                                      ; gnd    ;              ;         ; --         ;                 ; --       ; --           ;
; R3       ; 43         ; 4        ; MIR[10]                                  ; input  ; 3.3-V LVTTL  ;         ; Column I/O ; N               ; no       ; Off          ;
; R4       ; 48         ; 4        ; MIR[1]                                   ; input  ; 3.3-V LVTTL  ;         ; Column I/O ; N               ; no       ; Off          ;
; R5       ; 50         ; 4        ; MIR[5]                                   ; input  ; 3.3-V LVTTL  ;         ; Column I/O ; N               ; no       ; Off          ;
; R6       ;            ;          ; NC                                       ;        ;              ;         ; --         ;                 ; --       ; --           ;
; R7       ; 54         ; 4        ; OUTPUT[29]                               ; output ; 3.3-V LVTTL  ;         ; Column I/O ; N               ; no       ; Off          ;
; R8       ; 58         ; 4        ; OUTPUT[12]                               ; output ; 3.3-V LVTTL  ;         ; Column I/O ; N               ; no       ; Off          ;
; R9       ; 60         ; 4        ; INPUT[19]                                ; input  ; 3.3-V LVTTL  ;         ; Column I/O ; N               ; no       ; Off          ;
; R10      ; 68         ; 4        ; MIR[24]                                  ; input  ; 3.3-V LVTTL  ;         ; Column I/O ; N               ; no       ; Off          ;
; R11      ; 64         ; 4        ; OUTPUT[10]                               ; output ; 3.3-V LVTTL  ;         ; Column I/O ; N               ; no       ; Off          ;
; R12      ; 76         ; 4        ; INPUT[22]                                ; input  ; 3.3-V LVTTL  ;         ; Column I/O ; N               ; no       ; Off          ;
; R13      ; 79         ; 4        ; MIR[18]                                  ; input  ; 3.3-V LVTTL  ;         ; Column I/O ; N               ; no       ; Off          ;
; R14      ; 81         ; 4        ; GND*                                     ;        ;              ;         ; Column I/O ;                 ; no       ; Off          ;
; R15      ;            ;          ; GND                                      ; gnd    ;              ;         ; --         ;                 ; --       ; --           ;
; R16      ;            ; 3        ; VCCIO3                                   ; power  ;              ; 3.3V    ; --         ;                 ; --       ; --           ;
; T1       ;            ;          ; GND                                      ; gnd    ;              ;         ; --         ;                 ; --       ; --           ;
; T2       ;            ; 4        ; VCCIO4                                   ; power  ;              ; 3.3V    ; --         ;                 ; --       ; --           ;
; T3       ; 44         ; 4        ; GND*                                     ;        ;              ;         ; Column I/O ;                 ; no       ; Off          ;
; T4       ; 47         ; 4        ; MIR[12]                                  ; input  ; 3.3-V LVTTL  ;         ; Column I/O ; N               ; no       ; Off          ;
; T5       ; 49         ; 4        ; GND*                                     ;        ;              ;         ; Column I/O ;                 ; no       ; Off          ;
; T6       ; 51         ; 4        ; GND*                                     ;        ;              ;         ; Column I/O ;                 ; no       ; Off          ;
; T7       ; 53         ; 4        ; OUTPUT[13]                               ; output ; 3.3-V LVTTL  ;         ; Column I/O ; N               ; no       ; Off          ;
; T8       ; 57         ; 4        ; OUTPUT[19]                               ; output ; 3.3-V LVTTL  ;         ; Column I/O ; N               ; no       ; Off          ;
; T9       ; 59         ; 4        ; INPUT[29]                                ; input  ; 3.3-V LVTTL  ;         ; Column I/O ; N               ; no       ; Off          ;
; T10      ; 69         ; 4        ; INPUT[23]                                ; input  ; 3.3-V LVTTL  ;         ; Column I/O ; N               ; no       ; Off          ;
; T11      ; 63         ; 4        ; INPUT[21]                                ; input  ; 3.3-V LVTTL  ;         ; Column I/O ; N               ; no       ; Off          ;
; T12      ; 75         ; 4        ; INPUT[30]                                ; input  ; 3.3-V LVTTL  ;         ; Column I/O ; N               ; no       ; Off          ;
; T13      ; 78         ; 4        ; MIR[30]                                  ; input  ; 3.3-V LVTTL  ;         ; Column I/O ; N               ; no       ; Off          ;
; T14      ; 80         ; 4        ; GND*                                     ;        ;              ;         ; Column I/O ;                 ; no       ; Off          ;
; T15      ;            ; 4        ; VCCIO4                                   ; power  ;              ; 3.3V    ; --         ;                 ; --       ; --           ;
; T16      ;            ;          ; GND                                      ; gnd    ;              ;         ; --         ;                 ; --       ; --           ;
+----------+------------+----------+------------------------------------------+--------+--------------+---------+------------+-----------------+----------+--------------+
Note: Pin directions (input, output or bidir) are based on device operating in user mode.


+-------------------------------------------------------------------------------+
; Output Pin Default Load For Reported TCO                                      ;
+----------------------------------+-------+------------------------------------+
; I/O Standard                     ; Load  ; Termination Resistance             ;
+----------------------------------+-------+------------------------------------+
; 3.3-V LVTTL                      ; 0 pF  ; Not Available                      ;
; 3.3-V LVCMOS                     ; 0 pF  ; Not Available                      ;
; 2.5 V                            ; 0 pF  ; Not Available                      ;
; 1.8 V                            ; 0 pF  ; Not Available                      ;
; 1.5 V                            ; 0 pF  ; Not Available                      ;
; 3.3-V PCI                        ; 10 pF ; 25 Ohm (Parallel)                  ;
; 3.3-V PCI-X                      ; 10 pF ; 25 Ohm (Parallel)                  ;
; SSTL-2 Class I                   ; 0 pF  ; 50 Ohm (Parallel), 25 Ohm (Serial) ;
; SSTL-2 Class II                  ; 0 pF  ; 25 Ohm (Parallel), 25 Ohm (Serial) ;
; SSTL-18 Class I                  ; 0 pF  ; 50 Ohm (Parallel), 25 Ohm (Serial) ;
; SSTL-18 Class II                 ; 0 pF  ; 25 Ohm (Parallel), 25 Ohm (Serial) ;
; 1.5-V HSTL Class I               ; 0 pF  ; 50 Ohm (Parallel)                  ;
; 1.5-V HSTL Class II              ; 0 pF  ; 25 Ohm (Parallel)                  ;
; 1.8-V HSTL Class I               ; 0 pF  ; 50 Ohm (Parallel)                  ;
; 1.8-V HSTL Class II              ; 0 pF  ; 25 Ohm (Parallel)                  ;
; Differential SSTL-2              ; 0 pF  ; (See SSTL-2)                       ;
; Differential 2.5-V SSTL Class II ; 0 pF  ; (See SSTL-2 Class II)              ;
; Differential 1.8-V SSTL Class I  ; 0 pF  ; (See 1.8-V SSTL Class I)           ;
; Differential 1.8-V SSTL Class II ; 0 pF  ; (See 1.8-V SSTL Class II)          ;
; Differential 1.5-V HSTL Class I  ; 0 pF  ; (See 1.5-V HSTL Class I)           ;
; Differential 1.5-V HSTL Class II ; 0 pF  ; (See 1.5-V HSTL Class II)          ;
; Differential 1.8-V HSTL Class I  ; 0 pF  ; (See 1.8-V HSTL Class I)           ;
; Differential 1.8-V HSTL Class II ; 0 pF  ; (See 1.8-V HSTL Class II)          ;
; LVDS                             ; 0 pF  ; 100 Ohm (Differential)             ;
; mini-LVDS                        ; 0 pF  ; 100 Ohm (Differential)             ;
; RSDS                             ; 0 pF  ; 100 Ohm (Differential)             ;
; Simple RSDS                      ; 0 pF  ; Not Available                      ;
; Differential LVPECL              ; 0 pF  ; 100 Ohm (Differential)             ;
+----------------------------------+-------+------------------------------------+
Note: User assignments will override these defaults. The user specified values are listed in the Output Pins and Bidir Pins tables.


+-----------------------------------------------------------------------------------------------------------------------------------------------------------------------------------------------------------------------------------------------------------------+
; Fitter Resource Utilization by Entity                                                                                                                                                                                                                           ;
+----------------------------+-------------+---------------------------+---------------+-------------+------+--------------+---------+-----------+------+--------------+--------------+-------------------+------------------+---------------------+--------------+
; Compilation Hierarchy Node ; Logic Cells ; Dedicated Logic Registers ; I/O Registers ; Memory Bits ; M4Ks ; DSP Elements ; DSP 9x9 ; DSP 18x18 ; Pins ; Virtual Pins ; LUT-Only LCs ; Register-Only LCs ; LUT/Register LCs ; Full Hierarchy Name ; Library Name ;
+----------------------------+-------------+---------------------------+---------------+-------------+------+--------------+---------+-----------+------+--------------+--------------+-------------------+------------------+---------------------+--------------+
; |SHIFTER                   ; 43 (43)     ; 0 (0)                     ; 0 (0)         ; 0           ; 0    ; 0            ; 0       ; 0         ; 102  ; 0            ; 43 (43)      ; 0 (0)             ; 0 (0)            ; |SHIFTER            ; work         ;
+----------------------------+-------------+---------------------------+---------------+-------------+------+--------------+---------+-----------+------+--------------+--------------+-------------------+------------------+---------------------+--------------+
Note: For table entries with two numbers listed, the numbers in parentheses indicate the number of resources of the given type used by the specific entity alone. The numbers listed outside of parentheses indicate the total resources of the given type used by the specific entity and all of its sub-entities in the hierarchy.


+-------------------------------------------------------------------------------------+
; Delay Chain Summary                                                                 ;
+------------+----------+---------------+---------------+-----------------------+-----+
; Name       ; Pin Type ; Pad to Core 0 ; Pad to Core 1 ; Pad to Input Register ; TCO ;
+------------+----------+---------------+---------------+-----------------------+-----+
; N          ; Output   ; --            ; --            ; --                    ; --  ;
; OUTPUT[31] ; Output   ; --            ; --            ; --                    ; --  ;
; OUTPUT[30] ; Output   ; --            ; --            ; --                    ; --  ;
; OUTPUT[29] ; Output   ; --            ; --            ; --                    ; --  ;
; OUTPUT[28] ; Output   ; --            ; --            ; --                    ; --  ;
; OUTPUT[27] ; Output   ; --            ; --            ; --                    ; --  ;
; OUTPUT[26] ; Output   ; --            ; --            ; --                    ; --  ;
; OUTPUT[25] ; Output   ; --            ; --            ; --                    ; --  ;
; OUTPUT[24] ; Output   ; --            ; --            ; --                    ; --  ;
; OUTPUT[23] ; Output   ; --            ; --            ; --                    ; --  ;
; OUTPUT[22] ; Output   ; --            ; --            ; --                    ; --  ;
; OUTPUT[21] ; Output   ; --            ; --            ; --                    ; --  ;
; OUTPUT[20] ; Output   ; --            ; --            ; --                    ; --  ;
; OUTPUT[19] ; Output   ; --            ; --            ; --                    ; --  ;
; OUTPUT[18] ; Output   ; --            ; --            ; --                    ; --  ;
; OUTPUT[17] ; Output   ; --            ; --            ; --                    ; --  ;
; OUTPUT[16] ; Output   ; --            ; --            ; --                    ; --  ;
; OUTPUT[15] ; Output   ; --            ; --            ; --                    ; --  ;
; OUTPUT[14] ; Output   ; --            ; --            ; --                    ; --  ;
; OUTPUT[13] ; Output   ; --            ; --            ; --                    ; --  ;
; OUTPUT[12] ; Output   ; --            ; --            ; --                    ; --  ;
; OUTPUT[11] ; Output   ; --            ; --            ; --                    ; --  ;
; OUTPUT[10] ; Output   ; --            ; --            ; --                    ; --  ;
; OUTPUT[9]  ; Output   ; --            ; --            ; --                    ; --  ;
; OUTPUT[8]  ; Output   ; --            ; --            ; --                    ; --  ;
; OUTPUT[7]  ; Output   ; --            ; --            ; --                    ; --  ;
; OUTPUT[6]  ; Output   ; --            ; --            ; --                    ; --  ;
; OUTPUT[5]  ; Output   ; --            ; --            ; --                    ; --  ;
; OUTPUT[4]  ; Output   ; --            ; --            ; --                    ; --  ;
; OUTPUT[3]  ; Output   ; --            ; --            ; --                    ; --  ;
; OUTPUT[2]  ; Output   ; --            ; --            ; --                    ; --  ;
; OUTPUT[1]  ; Output   ; --            ; --            ; --                    ; --  ;
; OUTPUT[0]  ; Output   ; --            ; --            ; --                    ; --  ;
; MIR[35]    ; Input    ; (0) 171 ps    ; (0) 171 ps    ; --                    ; --  ;
; MIR[34]    ; Input    ; (0) 171 ps    ; (0) 171 ps    ; --                    ; --  ;
; MIR[33]    ; Input    ; (0) 170 ps    ; (0) 170 ps    ; --                    ; --  ;
; MIR[32]    ; Input    ; (0) 170 ps    ; (0) 170 ps    ; --                    ; --  ;
; MIR[31]    ; Input    ; (0) 170 ps    ; (0) 170 ps    ; --                    ; --  ;
; MIR[30]    ; Input    ; (0) 170 ps    ; (0) 170 ps    ; --                    ; --  ;
; MIR[29]    ; Input    ; (0) 170 ps    ; (0) 170 ps    ; --                    ; --  ;
; MIR[28]    ; Input    ; (0) 170 ps    ; (0) 170 ps    ; --                    ; --  ;
; MIR[27]    ; Input    ; (0) 170 ps    ; (0) 170 ps    ; --                    ; --  ;
; MIR[26]    ; Input    ; (0) 170 ps    ; (0) 170 ps    ; --                    ; --  ;
; MIR[25]    ; Input    ; (0) 170 ps    ; (0) 170 ps    ; --                    ; --  ;
; MIR[24]    ; Input    ; (0) 170 ps    ; (0) 170 ps    ; --                    ; --  ;
; MIR[21]    ; Input    ; (0) 171 ps    ; (0) 171 ps    ; --                    ; --  ;
; MIR[20]    ; Input    ; (0) 170 ps    ; (0) 170 ps    ; --                    ; --  ;
; MIR[19]    ; Input    ; (0) 170 ps    ; (0) 170 ps    ; --                    ; --  ;
; MIR[18]    ; Input    ; (0) 170 ps    ; (0) 170 ps    ; --                    ; --  ;
; MIR[17]    ; Input    ; (0) 170 ps    ; (0) 170 ps    ; --                    ; --  ;
; MIR[16]    ; Input    ; (0) 171 ps    ; (0) 171 ps    ; --                    ; --  ;
; MIR[15]    ; Input    ; (0) 171 ps    ; (0) 171 ps    ; --                    ; --  ;
; MIR[14]    ; Input    ; (0) 171 ps    ; (0) 171 ps    ; --                    ; --  ;
; MIR[13]    ; Input    ; (0) 171 ps    ; (0) 171 ps    ; --                    ; --  ;
; MIR[12]    ; Input    ; (0) 170 ps    ; (0) 170 ps    ; --                    ; --  ;
; MIR[11]    ; Input    ; (0) 171 ps    ; (0) 171 ps    ; --                    ; --  ;
; MIR[10]    ; Input    ; (0) 170 ps    ; (0) 170 ps    ; --                    ; --  ;
; MIR[9]     ; Input    ; (0) 170 ps    ; (0) 170 ps    ; --                    ; --  ;
; MIR[8]     ; Input    ; (0) 170 ps    ; (0) 170 ps    ; --                    ; --  ;
; MIR[7]     ; Input    ; (0) 170 ps    ; (0) 170 ps    ; --                    ; --  ;
; MIR[6]     ; Input    ; (0) 171 ps    ; (0) 171 ps    ; --                    ; --  ;
; MIR[5]     ; Input    ; (0) 170 ps    ; (0) 170 ps    ; --                    ; --  ;
; MIR[4]     ; Input    ; (0) 170 ps    ; (0) 170 ps    ; --                    ; --  ;
; MIR[3]     ; Input    ; (0) 170 ps    ; (0) 170 ps    ; --                    ; --  ;
; MIR[2]     ; Input    ; (0) 170 ps    ; (0) 170 ps    ; --                    ; --  ;
; MIR[1]     ; Input    ; (0) 170 ps    ; (0) 170 ps    ; --                    ; --  ;
; MIR[0]     ; Input    ; (0) 171 ps    ; (0) 171 ps    ; --                    ; --  ;
; Z          ; Output   ; --            ; --            ; --                    ; --  ;
; INPUT[31]  ; Input    ; (6) 2523 ps   ; (6) 2523 ps   ; --                    ; --  ;
; INPUT[23]  ; Input    ; (6) 2514 ps   ; (6) 2514 ps   ; --                    ; --  ;
; MIR[23]    ; Input    ; (6) 2514 ps   ; (6) 2514 ps   ; --                    ; --  ;
; MIR[22]    ; Input    ; (6) 2514 ps   ; (6) 2514 ps   ; --                    ; --  ;
; INPUT[30]  ; Input    ; (6) 2514 ps   ; (6) 2514 ps   ; --                    ; --  ;
; INPUT[22]  ; Input    ; (6) 2514 ps   ; (6) 2514 ps   ; --                    ; --  ;
; INPUT[29]  ; Input    ; (6) 2514 ps   ; (6) 2514 ps   ; --                    ; --  ;
; INPUT[21]  ; Input    ; (6) 2514 ps   ; (6) 2514 ps   ; --                    ; --  ;
; INPUT[28]  ; Input    ; (6) 2514 ps   ; (6) 2514 ps   ; --                    ; --  ;
; INPUT[20]  ; Input    ; (6) 2514 ps   ; (6) 2514 ps   ; --                    ; --  ;
; INPUT[27]  ; Input    ; (6) 2514 ps   ; (6) 2514 ps   ; --                    ; --  ;
; INPUT[19]  ; Input    ; (6) 2514 ps   ; (6) 2514 ps   ; --                    ; --  ;
; INPUT[26]  ; Input    ; (6) 2514 ps   ; (6) 2514 ps   ; --                    ; --  ;
; INPUT[18]  ; Input    ; (6) 2514 ps   ; (6) 2514 ps   ; --                    ; --  ;
; INPUT[25]  ; Input    ; (6) 2523 ps   ; (6) 2523 ps   ; --                    ; --  ;
; INPUT[17]  ; Input    ; (6) 2514 ps   ; (6) 2514 ps   ; --                    ; --  ;
; INPUT[24]  ; Input    ; (6) 2523 ps   ; (6) 2523 ps   ; --                    ; --  ;
; INPUT[16]  ; Input    ; (6) 2523 ps   ; (6) 2523 ps   ; --                    ; --  ;
; INPUT[15]  ; Input    ; (6) 2523 ps   ; (6) 2523 ps   ; --                    ; --  ;
; INPUT[14]  ; Input    ; (0) 171 ps    ; (0) 171 ps    ; --                    ; --  ;
; INPUT[13]  ; Input    ; (0) 171 ps    ; (0) 171 ps    ; --                    ; --  ;
; INPUT[12]  ; Input    ; (0) 171 ps    ; (0) 171 ps    ; --                    ; --  ;
; INPUT[11]  ; Input    ; (0) 171 ps    ; (0) 171 ps    ; --                    ; --  ;
; INPUT[10]  ; Input    ; (6) 2514 ps   ; (6) 2514 ps   ; --                    ; --  ;
; INPUT[9]   ; Input    ; (6) 2523 ps   ; (6) 2523 ps   ; --                    ; --  ;
; INPUT[8]   ; Input    ; (6) 2523 ps   ; (6) 2523 ps   ; --                    ; --  ;
; INPUT[7]   ; Input    ; (6) 2514 ps   ; (6) 2514 ps   ; --                    ; --  ;
; INPUT[6]   ; Input    ; (6) 2523 ps   ; (6) 2523 ps   ; --                    ; --  ;
; INPUT[5]   ; Input    ; (6) 2514 ps   ; (6) 2514 ps   ; --                    ; --  ;
; INPUT[4]   ; Input    ; (6) 2514 ps   ; (6) 2514 ps   ; --                    ; --  ;
; INPUT[3]   ; Input    ; (6) 2514 ps   ; (6) 2514 ps   ; --                    ; --  ;
; INPUT[2]   ; Input    ; (6) 2514 ps   ; (6) 2514 ps   ; --                    ; --  ;
; INPUT[1]   ; Input    ; (6) 2523 ps   ; (6) 2523 ps   ; --                    ; --  ;
; INPUT[0]   ; Input    ; (6) 2523 ps   ; (6) 2523 ps   ; --                    ; --  ;
+------------+----------+---------------+---------------+-----------------------+-----+


+---------------------------------------------------+
; Pad To Core Delay Chain Fanout                    ;
+---------------------+-------------------+---------+
; Source Pin / Fanout ; Pad To Core Index ; Setting ;
+---------------------+-------------------+---------+
; MIR[35]             ;                   ;         ;
; MIR[34]             ;                   ;         ;
; MIR[33]             ;                   ;         ;
; MIR[32]             ;                   ;         ;
; MIR[31]             ;                   ;         ;
; MIR[30]             ;                   ;         ;
; MIR[29]             ;                   ;         ;
; MIR[28]             ;                   ;         ;
; MIR[27]             ;                   ;         ;
; MIR[26]             ;                   ;         ;
; MIR[25]             ;                   ;         ;
; MIR[24]             ;                   ;         ;
; MIR[21]             ;                   ;         ;
; MIR[20]             ;                   ;         ;
; MIR[19]             ;                   ;         ;
; MIR[18]             ;                   ;         ;
; MIR[17]             ;                   ;         ;
; MIR[16]             ;                   ;         ;
; MIR[15]             ;                   ;         ;
; MIR[14]             ;                   ;         ;
; MIR[13]             ;                   ;         ;
; MIR[12]             ;                   ;         ;
; MIR[11]             ;                   ;         ;
; MIR[10]             ;                   ;         ;
; MIR[9]              ;                   ;         ;
; MIR[8]              ;                   ;         ;
; MIR[7]              ;                   ;         ;
; MIR[6]              ;                   ;         ;
; MIR[5]              ;                   ;         ;
; MIR[4]              ;                   ;         ;
; MIR[3]              ;                   ;         ;
; MIR[2]              ;                   ;         ;
; MIR[1]              ;                   ;         ;
; MIR[0]              ;                   ;         ;
; INPUT[31]           ;                   ;         ;
;      - inst5[31]~0  ; 1                 ; 6       ;
; INPUT[23]           ;                   ;         ;
;      - inst5[31]~0  ; 0                 ; 6       ;
;      - inst5[23]    ; 0                 ; 6       ;
; MIR[23]             ;                   ;         ;
;      - inst5[31]~0  ; 0                 ; 6       ;
;      - inst5[30]    ; 0                 ; 6       ;
;      - inst5[29]    ; 0                 ; 6       ;
;      - inst5[28]    ; 0                 ; 6       ;
;      - inst5[27]    ; 0                 ; 6       ;
;      - inst5[26]    ; 0                 ; 6       ;
;      - inst5[25]    ; 0                 ; 6       ;
;      - inst5[24]    ; 0                 ; 6       ;
;      - inst5[23]    ; 0                 ; 6       ;
;      - inst5[22]    ; 0                 ; 6       ;
;      - inst5[21]    ; 0                 ; 6       ;
;      - inst5[20]    ; 0                 ; 6       ;
;      - inst5[19]    ; 0                 ; 6       ;
;      - inst5[18]    ; 0                 ; 6       ;
;      - inst5[17]    ; 0                 ; 6       ;
;      - inst5[16]    ; 0                 ; 6       ;
;      - inst5[15]    ; 0                 ; 6       ;
;      - inst5[14]    ; 0                 ; 6       ;
;      - inst5[13]    ; 0                 ; 6       ;
;      - inst5[12]    ; 0                 ; 6       ;
;      - inst5[11]    ; 0                 ; 6       ;
;      - inst5[10]    ; 0                 ; 6       ;
;      - inst5[9]     ; 0                 ; 6       ;
;      - inst5[8]     ; 0                 ; 6       ;
;      - inst1[7]~0   ; 0                 ; 6       ;
;      - inst1[6]~1   ; 0                 ; 6       ;
;      - inst1[5]~2   ; 0                 ; 6       ;
;      - inst1[4]~3   ; 0                 ; 6       ;
;      - inst1[3]~4   ; 0                 ; 6       ;
;      - inst1[2]~5   ; 0                 ; 6       ;
;      - inst1[1]~6   ; 0                 ; 6       ;
;      - inst1[0]~7   ; 0                 ; 6       ;
;      - inst13~0     ; 0                 ; 6       ;
; MIR[22]             ;                   ;         ;
;      - inst5[31]~0  ; 0                 ; 6       ;
;      - inst5[30]    ; 0                 ; 6       ;
;      - inst5[29]    ; 0                 ; 6       ;
;      - inst5[28]    ; 0                 ; 6       ;
;      - inst5[27]    ; 0                 ; 6       ;
;      - inst5[26]    ; 0                 ; 6       ;
;      - inst5[25]    ; 0                 ; 6       ;
;      - inst5[24]    ; 0                 ; 6       ;
;      - inst5[23]    ; 0                 ; 6       ;
;      - inst5[22]    ; 0                 ; 6       ;
;      - inst5[21]    ; 0                 ; 6       ;
;      - inst5[20]    ; 0                 ; 6       ;
;      - inst5[19]    ; 0                 ; 6       ;
;      - inst5[18]    ; 0                 ; 6       ;
;      - inst5[17]    ; 0                 ; 6       ;
;      - inst5[16]    ; 0                 ; 6       ;
;      - inst5[15]    ; 0                 ; 6       ;
;      - inst5[14]    ; 0                 ; 6       ;
;      - inst5[13]    ; 0                 ; 6       ;
;      - inst5[12]    ; 0                 ; 6       ;
;      - inst5[11]    ; 0                 ; 6       ;
;      - inst5[10]    ; 0                 ; 6       ;
;      - inst5[9]     ; 0                 ; 6       ;
;      - inst5[8]     ; 0                 ; 6       ;
;      - inst1[7]~0   ; 0                 ; 6       ;
;      - inst1[6]~1   ; 0                 ; 6       ;
;      - inst1[5]~2   ; 0                 ; 6       ;
;      - inst1[4]~3   ; 0                 ; 6       ;
;      - inst1[3]~4   ; 0                 ; 6       ;
;      - inst1[2]~5   ; 0                 ; 6       ;
;      - inst1[1]~6   ; 0                 ; 6       ;
;      - inst1[0]~7   ; 0                 ; 6       ;
;      - inst13~0     ; 0                 ; 6       ;
; INPUT[30]           ;                   ;         ;
;      - inst5[30]    ; 0                 ; 6       ;
; INPUT[22]           ;                   ;         ;
;      - inst5[30]    ; 1                 ; 6       ;
;      - inst5[22]    ; 1                 ; 6       ;
; INPUT[29]           ;                   ;         ;
;      - inst5[29]    ; 0                 ; 6       ;
; INPUT[21]           ;                   ;         ;
;      - inst5[29]    ; 0                 ; 6       ;
;      - inst5[21]    ; 0                 ; 6       ;
; INPUT[28]           ;                   ;         ;
;      - inst5[28]    ; 0                 ; 6       ;
; INPUT[20]           ;                   ;         ;
;      - inst5[28]    ; 0                 ; 6       ;
;      - inst5[20]    ; 0                 ; 6       ;
; INPUT[27]           ;                   ;         ;
;      - inst5[27]    ; 0                 ; 6       ;
; INPUT[19]           ;                   ;         ;
;      - inst5[27]    ; 0                 ; 6       ;
;      - inst5[19]    ; 0                 ; 6       ;
; INPUT[26]           ;                   ;         ;
;      - inst5[26]    ; 0                 ; 6       ;
; INPUT[18]           ;                   ;         ;
;      - inst5[26]    ; 0                 ; 6       ;
;      - inst5[18]    ; 0                 ; 6       ;
; INPUT[25]           ;                   ;         ;
;      - inst5[25]    ; 0                 ; 6       ;
; INPUT[17]           ;                   ;         ;
;      - inst5[25]    ; 0                 ; 6       ;
;      - inst5[17]    ; 0                 ; 6       ;
; INPUT[24]           ;                   ;         ;
;      - inst5[24]    ; 1                 ; 6       ;
; INPUT[16]           ;                   ;         ;
;      - inst5[24]    ; 1                 ; 6       ;
;      - inst5[16]    ; 1                 ; 6       ;
; INPUT[15]           ;                   ;         ;
;      - inst5[23]    ; 0                 ; 6       ;
;      - inst5[15]    ; 0                 ; 6       ;
; INPUT[14]           ;                   ;         ;
; INPUT[13]           ;                   ;         ;
; INPUT[12]           ;                   ;         ;
; INPUT[11]           ;                   ;         ;
; INPUT[10]           ;                   ;         ;
;      - inst5[18]    ; 0                 ; 6       ;
;      - inst5[10]    ; 0                 ; 6       ;
; INPUT[9]            ;                   ;         ;
;      - inst5[17]    ; 0                 ; 6       ;
;      - inst5[9]     ; 0                 ; 6       ;
; INPUT[8]            ;                   ;         ;
;      - inst5[16]    ; 0                 ; 6       ;
;      - inst5[8]     ; 0                 ; 6       ;
; INPUT[7]            ;                   ;         ;
;      - inst5[15]    ; 1                 ; 6       ;
;      - inst1[7]~0   ; 1                 ; 6       ;
;      - inst13~0     ; 1                 ; 6       ;
; INPUT[6]            ;                   ;         ;
;      - inst5[14]    ; 0                 ; 6       ;
;      - inst1[6]~1   ; 0                 ; 6       ;
;      - inst13~0     ; 0                 ; 6       ;
; INPUT[5]            ;                   ;         ;
;      - inst5[13]    ; 0                 ; 6       ;
;      - inst1[5]~2   ; 0                 ; 6       ;
;      - inst13~1     ; 0                 ; 6       ;
; INPUT[4]            ;                   ;         ;
;      - inst5[12]    ; 0                 ; 6       ;
;      - inst1[4]~3   ; 0                 ; 6       ;
;      - inst13~1     ; 0                 ; 6       ;
; INPUT[3]            ;                   ;         ;
;      - inst5[11]    ; 0                 ; 6       ;
;      - inst1[3]~4   ; 0                 ; 6       ;
;      - inst13~1     ; 0                 ; 6       ;
; INPUT[2]            ;                   ;         ;
;      - inst5[10]    ; 0                 ; 6       ;
;      - inst1[2]~5   ; 0                 ; 6       ;
;      - inst13~1     ; 0                 ; 6       ;
; INPUT[1]            ;                   ;         ;
;      - inst5[9]     ; 0                 ; 6       ;
;      - inst1[1]~6   ; 0                 ; 6       ;
;      - inst14~6     ; 0                 ; 6       ;
; INPUT[0]            ;                   ;         ;
;      - inst5[8]     ; 1                 ; 6       ;
;      - inst1[0]~7   ; 1                 ; 6       ;
;      - inst14~6     ; 1                 ; 6       ;
+---------------------+-------------------+---------+


+---------------------------------+
; Non-Global High Fan-Out Signals ;
+-------------+-------------------+
; Name        ; Fan-Out           ;
+-------------+-------------------+
; MIR[22]     ; 33                ;
; MIR[23]     ; 33                ;
; INPUT[0]    ; 3                 ;
; INPUT[1]    ; 3                 ;
; INPUT[2]    ; 3                 ;
; INPUT[3]    ; 3                 ;
; INPUT[4]    ; 3                 ;
; INPUT[5]    ; 3                 ;
; INPUT[6]    ; 3                 ;
; INPUT[7]    ; 3                 ;
; inst5[31]~0 ; 3                 ;
; INPUT[8]    ; 2                 ;
; INPUT[9]    ; 2                 ;
; INPUT[10]   ; 2                 ;
; INPUT[11]   ; 2                 ;
; INPUT[12]   ; 2                 ;
; INPUT[13]   ; 2                 ;
; INPUT[14]   ; 2                 ;
; INPUT[15]   ; 2                 ;
; INPUT[16]   ; 2                 ;
; INPUT[17]   ; 2                 ;
; INPUT[18]   ; 2                 ;
; INPUT[19]   ; 2                 ;
; INPUT[20]   ; 2                 ;
; INPUT[21]   ; 2                 ;
; INPUT[22]   ; 2                 ;
; INPUT[23]   ; 2                 ;
; inst5[8]    ; 2                 ;
; inst5[9]    ; 2                 ;
; inst5[10]   ; 2                 ;
; inst5[11]   ; 2                 ;
; inst5[12]   ; 2                 ;
; inst5[13]   ; 2                 ;
; inst5[14]   ; 2                 ;
; inst5[15]   ; 2                 ;
; inst5[16]   ; 2                 ;
; inst5[17]   ; 2                 ;
; inst5[18]   ; 2                 ;
; inst5[19]   ; 2                 ;
; inst5[20]   ; 2                 ;
; inst5[21]   ; 2                 ;
; inst5[22]   ; 2                 ;
; inst5[23]   ; 2                 ;
; inst5[24]   ; 2                 ;
; inst5[25]   ; 2                 ;
; inst5[26]   ; 2                 ;
; inst5[27]   ; 2                 ;
; inst5[28]   ; 2                 ;
; inst5[29]   ; 2                 ;
; inst5[30]   ; 2                 ;
; INPUT[24]   ; 1                 ;
; INPUT[25]   ; 1                 ;
; INPUT[26]   ; 1                 ;
; INPUT[27]   ; 1                 ;
; INPUT[28]   ; 1                 ;
; INPUT[29]   ; 1                 ;
; INPUT[30]   ; 1                 ;
; INPUT[31]   ; 1                 ;
; inst14~8    ; 1                 ;
; inst14~7    ; 1                 ;
; inst14~6    ; 1                 ;
; inst13~1    ; 1                 ;
; inst13~0    ; 1                 ;
; inst14~5    ; 1                 ;
; inst14~4    ; 1                 ;
; inst14~3    ; 1                 ;
; inst14~2    ; 1                 ;
; inst14~1    ; 1                 ;
; inst14~0    ; 1                 ;
; inst1[0]~7  ; 1                 ;
; inst1[1]~6  ; 1                 ;
; inst1[2]~5  ; 1                 ;
; inst1[3]~4  ; 1                 ;
; inst1[4]~3  ; 1                 ;
; inst1[5]~2  ; 1                 ;
; inst1[6]~1  ; 1                 ;
; inst1[7]~0  ; 1                 ;
+-------------+-------------------+


+------------------------------------------------------+
; Other Routing Usage Summary                          ;
+-----------------------------+------------------------+
; Other Routing Resource Type ; Usage                  ;
+-----------------------------+------------------------+
; Block interconnects         ; 88 / 15,666 ( < 1 % )  ;
; C16 interconnects           ; 6 / 812 ( < 1 % )      ;
; C4 interconnects            ; 107 / 11,424 ( < 1 % ) ;
; Direct links                ; 1 / 15,666 ( < 1 % )   ;
; Global clocks               ; 0 / 8 ( 0 % )          ;
; Local interconnects         ; 26 / 4,608 ( < 1 % )   ;
; R24 interconnects           ; 13 / 652 ( 2 % )       ;
; R4 interconnects            ; 69 / 13,328 ( < 1 % )  ;
+-----------------------------+------------------------+


+---------------------------------------------------------------------------+
; LAB Logic Elements                                                        ;
+---------------------------------------------+-----------------------------+
; Number of Logic Elements  (Average = 14.33) ; Number of LABs  (Total = 3) ;
+---------------------------------------------+-----------------------------+
; 1                                           ; 0                           ;
; 2                                           ; 0                           ;
; 3                                           ; 0                           ;
; 4                                           ; 0                           ;
; 5                                           ; 0                           ;
; 6                                           ; 0                           ;
; 7                                           ; 0                           ;
; 8                                           ; 0                           ;
; 9                                           ; 0                           ;
; 10                                          ; 0                           ;
; 11                                          ; 0                           ;
; 12                                          ; 0                           ;
; 13                                          ; 0                           ;
; 14                                          ; 2                           ;
; 15                                          ; 1                           ;
; 16                                          ; 0                           ;
+---------------------------------------------+-----------------------------+


+----------------------------------------------------------------------------+
; LAB Signals Sourced                                                        ;
+----------------------------------------------+-----------------------------+
; Number of Signals Sourced  (Average = 14.33) ; Number of LABs  (Total = 3) ;
+----------------------------------------------+-----------------------------+
; 0                                            ; 0                           ;
; 1                                            ; 0                           ;
; 2                                            ; 0                           ;
; 3                                            ; 0                           ;
; 4                                            ; 0                           ;
; 5                                            ; 0                           ;
; 6                                            ; 0                           ;
; 7                                            ; 0                           ;
; 8                                            ; 0                           ;
; 9                                            ; 0                           ;
; 10                                           ; 0                           ;
; 11                                           ; 0                           ;
; 12                                           ; 0                           ;
; 13                                           ; 0                           ;
; 14                                           ; 2                           ;
; 15                                           ; 1                           ;
+----------------------------------------------+-----------------------------+


+--------------------------------------------------------------------------------+
; LAB Signals Sourced Out                                                        ;
+--------------------------------------------------+-----------------------------+
; Number of Signals Sourced Out  (Average = 12.33) ; Number of LABs  (Total = 3) ;
+--------------------------------------------------+-----------------------------+
; 0                                                ; 0                           ;
; 1                                                ; 0                           ;
; 2                                                ; 0                           ;
; 3                                                ; 0                           ;
; 4                                                ; 0                           ;
; 5                                                ; 0                           ;
; 6                                                ; 0                           ;
; 7                                                ; 0                           ;
; 8                                                ; 0                           ;
; 9                                                ; 0                           ;
; 10                                               ; 1                           ;
; 11                                               ; 0                           ;
; 12                                               ; 1                           ;
; 13                                               ; 0                           ;
; 14                                               ; 0                           ;
; 15                                               ; 1                           ;
+--------------------------------------------------+-----------------------------+


+----------------------------------------------------------------------------+
; LAB Distinct Inputs                                                        ;
+----------------------------------------------+-----------------------------+
; Number of Distinct Inputs  (Average = 17.33) ; Number of LABs  (Total = 3) ;
+----------------------------------------------+-----------------------------+
; 0                                            ; 0                           ;
; 1                                            ; 0                           ;
; 2                                            ; 0                           ;
; 3                                            ; 0                           ;
; 4                                            ; 0                           ;
; 5                                            ; 0                           ;
; 6                                            ; 0                           ;
; 7                                            ; 0                           ;
; 8                                            ; 0                           ;
; 9                                            ; 0                           ;
; 10                                           ; 0                           ;
; 11                                           ; 0                           ;
; 12                                           ; 0                           ;
; 13                                           ; 1                           ;
; 14                                           ; 0                           ;
; 15                                           ; 0                           ;
; 16                                           ; 0                           ;
; 17                                           ; 0                           ;
; 18                                           ; 1                           ;
; 19                                           ; 0                           ;
; 20                                           ; 0                           ;
; 21                                           ; 1                           ;
+----------------------------------------------+-----------------------------+


+-------------------------------------------------------------------------+
; Fitter Device Options                                                   ;
+----------------------------------------------+--------------------------+
; Option                                       ; Setting                  ;
+----------------------------------------------+--------------------------+
; Enable user-supplied start-up clock (CLKUSR) ; Off                      ;
; Enable device-wide reset (DEV_CLRn)          ; Off                      ;
; Enable device-wide output enable (DEV_OE)    ; Off                      ;
; Enable INIT_DONE output                      ; Off                      ;
; Configuration scheme                         ; Active Serial            ;
; Error detection CRC                          ; Off                      ;
; nCEO                                         ; As output driving ground ;
; ASDO,nCSO                                    ; As input tri-stated      ;
; Reserve all unused pins                      ; As output driving ground ;
; Base pin-out file on sameframe device        ; Off                      ;
+----------------------------------------------+--------------------------+


+------------------------------------+
; Operating Settings and Conditions  ;
+---------------------------+--------+
; Setting                   ; Value  ;
+---------------------------+--------+
; Nominal Core Voltage      ; 1.20 V ;
; Low Junction Temperature  ; 0 °C   ;
; High Junction Temperature ; 85 °C  ;
+---------------------------+--------+


+-----------------+
; Fitter Messages ;
+-----------------+
Warning (20028): Parallel compilation is not licensed and has been disabled
Info (119004): Automatically selected device EP2C5F256C6 for design MIC1
Info (119005): Fitting design with smaller device may be possible, but smaller device must be specified
Info (171003): Fitter is performing an Auto Fit compilation, which may decrease Fitter effort to reduce compilation time
Warning (292013): Feature LogicLock is only available with a valid subscription license. You can purchase a software subscription to gain full access to this feature.
Info (176444): Device migration not selected. If you intend to use device migration later, you may need to change the pin assignments as they may be incompatible with other devices
    Info (176445): Device EP2C8F256C6 is compatible
Info (169124): Fitter converted 3 user pins into dedicated programming pins
    Info (169125): Pin ~ASDO~ is reserved at location C3
    Info (169125): Pin ~nCSO~ is reserved at location F4
    Info (169125): Pin ~LVDS41p/nCEO~ is reserved at location N14
Critical Warning (169085): No exact pin location assignment(s) for 102 pins of 102 total pins
    Info (169086): Pin N not assigned to an exact location on the device
    Info (169086): Pin OUTPUT[31] not assigned to an exact location on the device
    Info (169086): Pin OUTPUT[30] not assigned to an exact location on the device
    Info (169086): Pin OUTPUT[29] not assigned to an exact location on the device
    Info (169086): Pin OUTPUT[28] not assigned to an exact location on the device
    Info (169086): Pin OUTPUT[27] not assigned to an exact location on the device
    Info (169086): Pin OUTPUT[26] not assigned to an exact location on the device
    Info (169086): Pin OUTPUT[25] not assigned to an exact location on the device
    Info (169086): Pin OUTPUT[24] not assigned to an exact location on the device
    Info (169086): Pin OUTPUT[23] not assigned to an exact location on the device
    Info (169086): Pin OUTPUT[22] not assigned to an exact location on the device
    Info (169086): Pin OUTPUT[21] not assigned to an exact location on the device
    Info (169086): Pin OUTPUT[20] not assigned to an exact location on the device
    Info (169086): Pin OUTPUT[19] not assigned to an exact location on the device
    Info (169086): Pin OUTPUT[18] not assigned to an exact location on the device
    Info (169086): Pin OUTPUT[17] not assigned to an exact location on the device
    Info (169086): Pin OUTPUT[16] not assigned to an exact location on the device
    Info (169086): Pin OUTPUT[15] not assigned to an exact location on the device
    Info (169086): Pin OUTPUT[14] not assigned to an exact location on the device
    Info (169086): Pin OUTPUT[13] not assigned to an exact location on the device
    Info (169086): Pin OUTPUT[12] not assigned to an exact location on the device
    Info (169086): Pin OUTPUT[11] not assigned to an exact location on the device
    Info (169086): Pin OUTPUT[10] not assigned to an exact location on the device
    Info (169086): Pin OUTPUT[9] not assigned to an exact location on the device
    Info (169086): Pin OUTPUT[8] not assigned to an exact location on the device
    Info (169086): Pin OUTPUT[7] not assigned to an exact location on the device
    Info (169086): Pin OUTPUT[6] not assigned to an exact location on the device
    Info (169086): Pin OUTPUT[5] not assigned to an exact location on the device
    Info (169086): Pin OUTPUT[4] not assigned to an exact location on the device
    Info (169086): Pin OUTPUT[3] not assigned to an exact location on the device
    Info (169086): Pin OUTPUT[2] not assigned to an exact location on the device
    Info (169086): Pin OUTPUT[1] not assigned to an exact location on the device
    Info (169086): Pin OUTPUT[0] not assigned to an exact location on the device
    Info (169086): Pin MIR[35] not assigned to an exact location on the device
    Info (169086): Pin MIR[34] not assigned to an exact location on the device
    Info (169086): Pin MIR[33] not assigned to an exact location on the device
    Info (169086): Pin MIR[32] not assigned to an exact location on the device
    Info (169086): Pin MIR[31] not assigned to an exact location on the device
    Info (169086): Pin MIR[30] not assigned to an exact location on the device
    Info (169086): Pin MIR[29] not assigned to an exact location on the device
    Info (169086): Pin MIR[28] not assigned to an exact location on the device
    Info (169086): Pin MIR[27] not assigned to an exact location on the device
    Info (169086): Pin MIR[26] not assigned to an exact location on the device
    Info (169086): Pin MIR[25] not assigned to an exact location on the device
    Info (169086): Pin MIR[24] not assigned to an exact location on the device
    Info (169086): Pin MIR[21] not assigned to an exact location on the device
    Info (169086): Pin MIR[20] not assigned to an exact location on the device
    Info (169086): Pin MIR[19] not assigned to an exact location on the device
    Info (169086): Pin MIR[18] not assigned to an exact location on the device
    Info (169086): Pin MIR[17] not assigned to an exact location on the device
    Info (169086): Pin MIR[16] not assigned to an exact location on the device
    Info (169086): Pin MIR[15] not assigned to an exact location on the device
    Info (169086): Pin MIR[14] not assigned to an exact location on the device
    Info (169086): Pin MIR[13] not assigned to an exact location on the device
    Info (169086): Pin MIR[12] not assigned to an exact location on the device
    Info (169086): Pin MIR[11] not assigned to an exact location on the device
    Info (169086): Pin MIR[10] not assigned to an exact location on the device
    Info (169086): Pin MIR[9] not assigned to an exact location on the device
    Info (169086): Pin MIR[8] not assigned to an exact location on the device
    Info (169086): Pin MIR[7] not assigned to an exact location on the device
    Info (169086): Pin MIR[6] not assigned to an exact location on the device
    Info (169086): Pin MIR[5] not assigned to an exact location on the device
    Info (169086): Pin MIR[4] not assigned to an exact location on the device
    Info (169086): Pin MIR[3] not assigned to an exact location on the device
    Info (169086): Pin MIR[2] not assigned to an exact location on the device
    Info (169086): Pin MIR[1] not assigned to an exact location on the device
    Info (169086): Pin MIR[0] not assigned to an exact location on the device
    Info (169086): Pin Z not assigned to an exact location on the device
    Info (169086): Pin INPUT[31] not assigned to an exact location on the device
    Info (169086): Pin INPUT[23] not assigned to an exact location on the device
    Info (169086): Pin MIR[23] not assigned to an exact location on the device
    Info (169086): Pin MIR[22] not assigned to an exact location on the device
    Info (169086): Pin INPUT[30] not assigned to an exact location on the device
    Info (169086): Pin INPUT[22] not assigned to an exact location on the device
    Info (169086): Pin INPUT[29] not assigned to an exact location on the device
    Info (169086): Pin INPUT[21] not assigned to an exact location on the device
    Info (169086): Pin INPUT[28] not assigned to an exact location on the device
    Info (169086): Pin INPUT[20] not assigned to an exact location on the device
    Info (169086): Pin INPUT[27] not assigned to an exact location on the device
    Info (169086): Pin INPUT[19] not assigned to an exact location on the device
    Info (169086): Pin INPUT[26] not assigned to an exact location on the device
    Info (169086): Pin INPUT[18] not assigned to an exact location on the device
    Info (169086): Pin INPUT[25] not assigned to an exact location on the device
    Info (169086): Pin INPUT[17] not assigned to an exact location on the device
    Info (169086): Pin INPUT[24] not assigned to an exact location on the device
    Info (169086): Pin INPUT[16] not assigned to an exact location on the device
    Info (169086): Pin INPUT[15] not assigned to an exact location on the device
    Info (169086): Pin INPUT[14] not assigned to an exact location on the device
    Info (169086): Pin INPUT[13] not assigned to an exact location on the device
    Info (169086): Pin INPUT[12] not assigned to an exact location on the device
    Info (169086): Pin INPUT[11] not assigned to an exact location on the device
    Info (169086): Pin INPUT[10] not assigned to an exact location on the device
    Info (169086): Pin INPUT[9] not assigned to an exact location on the device
    Info (169086): Pin INPUT[8] not assigned to an exact location on the device
    Info (169086): Pin INPUT[7] not assigned to an exact location on the device
    Info (169086): Pin INPUT[6] not assigned to an exact location on the device
    Info (169086): Pin INPUT[5] not assigned to an exact location on the device
    Info (169086): Pin INPUT[4] not assigned to an exact location on the device
    Info (169086): Pin INPUT[3] not assigned to an exact location on the device
    Info (169086): Pin INPUT[2] not assigned to an exact location on the device
    Info (169086): Pin INPUT[1] not assigned to an exact location on the device
    Info (169086): Pin INPUT[0] not assigned to an exact location on the device
Critical Warning (332012): Synopsys Design Constraints File file not found: 'MIC1.sdc'. A Synopsys Design Constraints File is required by the TimeQuest Timing Analyzer to get proper timing constraints. Without it, the Compiler will not properly optimize the design.
Info (332144): No user constrained base clocks found in the design
Info (332096): The command derive_clocks did not find any clocks to derive.  No clocks were created or changed.
Warning (332068): No clocks defined in design.
Info (332130): Timing requirements not specified -- quality metrics such as performance may be sacrificed to reduce compilation time.
Info (176233): Starting register packing
Info (176235): Finished register packing
    Extra Info (176219): No registers were packed into other blocks
Info (176214): Statistics of I/O pins that need to be placed that use the same VCCIO and VREF, before I/O pin placement
    Info (176211): Number of I/O pins in group: 102 (unused VREF, 3.3V VCCIO, 68 input, 34 output, 0 bidirectional)
        Info (176212): I/O standards used: 3.3-V LVTTL.
Info (176215): I/O bank details before I/O pin placement
    Info (176214): Statistics of I/O banks
        Info (176213): I/O bank number 1 does not use VREF pins and has undetermined VCCIO pins. 2 total pin(s) used --  33 pins available
        Info (176213): I/O bank number 2 does not use VREF pins and has undetermined VCCIO pins. 0 total pin(s) used --  43 pins available
        Info (176213): I/O bank number 3 does not use VREF pins and has undetermined VCCIO pins. 1 total pin(s) used --  38 pins available
        Info (176213): I/O bank number 4 does not use VREF pins and has undetermined VCCIO pins. 0 total pin(s) used --  41 pins available
Info (171121): Fitter preparation operations ending: elapsed time is 00:00:00
Info (170189): Fitter placement preparation operations beginning
Info (170190): Fitter placement preparation operations ending: elapsed time is 00:00:00
Info (170191): Fitter placement operations beginning
Info (170137): Fitter placement was successful
Info (170192): Fitter placement operations ending: elapsed time is 00:00:00
Info (170193): Fitter routing operations beginning
Info (170195): Router estimated average interconnect usage is 0% of the available device resources
    Info (170196): Router estimated peak interconnect usage is 1% of the available device resources in the region that extends from location X14_Y0 to location X28_Y14
Info (170194): Fitter routing operations ending: elapsed time is 00:00:00
Info (170199): The Fitter performed an Auto Fit compilation.  Optimizations were skipped to reduce compilation time.
    Info (170201): Optimizations that may affect the design's routability were skipped
    Info (170200): Optimizations that may affect the design's timing were skipped
Info (11888): Total time spent on timing analysis during the Fitter is 0.11 seconds.
Info (306004): Started post-fitting delay annotation
Warning (306006): Found 34 output pins without output pin load capacitance assignment
    Info (306007): Pin "N" has no specified output pin load capacitance -- assuming default load capacitance of 0 pF for timing analysis
    Info (306007): Pin "OUTPUT[31]" has no specified output pin load capacitance -- assuming default load capacitance of 0 pF for timing analysis
    Info (306007): Pin "OUTPUT[30]" has no specified output pin load capacitance -- assuming default load capacitance of 0 pF for timing analysis
    Info (306007): Pin "OUTPUT[29]" has no specified output pin load capacitance -- assuming default load capacitance of 0 pF for timing analysis
    Info (306007): Pin "OUTPUT[28]" has no specified output pin load capacitance -- assuming default load capacitance of 0 pF for timing analysis
    Info (306007): Pin "OUTPUT[27]" has no specified output pin load capacitance -- assuming default load capacitance of 0 pF for timing analysis
    Info (306007): Pin "OUTPUT[26]" has no specified output pin load capacitance -- assuming default load capacitance of 0 pF for timing analysis
    Info (306007): Pin "OUTPUT[25]" has no specified output pin load capacitance -- assuming default load capacitance of 0 pF for timing analysis
    Info (306007): Pin "OUTPUT[24]" has no specified output pin load capacitance -- assuming default load capacitance of 0 pF for timing analysis
    Info (306007): Pin "OUTPUT[23]" has no specified output pin load capacitance -- assuming default load capacitance of 0 pF for timing analysis
    Info (306007): Pin "OUTPUT[22]" has no specified output pin load capacitance -- assuming default load capacitance of 0 pF for timing analysis
    Info (306007): Pin "OUTPUT[21]" has no specified output pin load capacitance -- assuming default load capacitance of 0 pF for timing analysis
    Info (306007): Pin "OUTPUT[20]" has no specified output pin load capacitance -- assuming default load capacitance of 0 pF for timing analysis
    Info (306007): Pin "OUTPUT[19]" has no specified output pin load capacitance -- assuming default load capacitance of 0 pF for timing analysis
    Info (306007): Pin "OUTPUT[18]" has no specified output pin load capacitance -- assuming default load capacitance of 0 pF for timing analysis
    Info (306007): Pin "OUTPUT[17]" has no specified output pin load capacitance -- assuming default load capacitance of 0 pF for timing analysis
    Info (306007): Pin "OUTPUT[16]" has no specified output pin load capacitance -- assuming default load capacitance of 0 pF for timing analysis
    Info (306007): Pin "OUTPUT[15]" has no specified output pin load capacitance -- assuming default load capacitance of 0 pF for timing analysis
    Info (306007): Pin "OUTPUT[14]" has no specified output pin load capacitance -- assuming default load capacitance of 0 pF for timing analysis
    Info (306007): Pin "OUTPUT[13]" has no specified output pin load capacitance -- assuming default load capacitance of 0 pF for timing analysis
    Info (306007): Pin "OUTPUT[12]" has no specified output pin load capacitance -- assuming default load capacitance of 0 pF for timing analysis
    Info (306007): Pin "OUTPUT[11]" has no specified output pin load capacitance -- assuming default load capacitance of 0 pF for timing analysis
    Info (306007): Pin "OUTPUT[10]" has no specified output pin load capacitance -- assuming default load capacitance of 0 pF for timing analysis
    Info (306007): Pin "OUTPUT[9]" has no specified output pin load capacitance -- assuming default load capacitance of 0 pF for timing analysis
    Info (306007): Pin "OUTPUT[8]" has no specified output pin load capacitance -- assuming default load capacitance of 0 pF for timing analysis
    Info (306007): Pin "OUTPUT[7]" has no specified output pin load capacitance -- assuming default load capacitance of 0 pF for timing analysis
    Info (306007): Pin "OUTPUT[6]" has no specified output pin load capacitance -- assuming default load capacitance of 0 pF for timing analysis
    Info (306007): Pin "OUTPUT[5]" has no specified output pin load capacitance -- assuming default load capacitance of 0 pF for timing analysis
    Info (306007): Pin "OUTPUT[4]" has no specified output pin load capacitance -- assuming default load capacitance of 0 pF for timing analysis
    Info (306007): Pin "OUTPUT[3]" has no specified output pin load capacitance -- assuming default load capacitance of 0 pF for timing analysis
    Info (306007): Pin "OUTPUT[2]" has no specified output pin load capacitance -- assuming default load capacitance of 0 pF for timing analysis
    Info (306007): Pin "OUTPUT[1]" has no specified output pin load capacitance -- assuming default load capacitance of 0 pF for timing analysis
    Info (306007): Pin "OUTPUT[0]" has no specified output pin load capacitance -- assuming default load capacitance of 0 pF for timing analysis
    Info (306007): Pin "Z" has no specified output pin load capacitance -- assuming default load capacitance of 0 pF for timing analysis
Info (306005): Delay annotation completed successfully
Info (306004): Started post-fitting delay annotation
Info (306005): Delay annotation completed successfully
Info (11218): Fitter post-fit operations ending: elapsed time is 00:00:00
Warning (169174): The Reserve All Unused Pins setting has not been specified, and will default to 'As output driving ground'.
Info (144001): Generated suppressed messages file C:/Users/maris/OneDrive/Área de Trabalho/cefet 4/aocii/mariana_kaori/output_files/MIC1.fit.smsg
Info: Quartus II 64-Bit Fitter was successful. 0 errors, 7 warnings
    Info: Peak virtual memory: 4799 megabytes
    Info: Processing ended: Sun Aug 16 17:48:10 2026
    Info: Elapsed time: 00:00:07
    Info: Total CPU time (on all processors): 00:00:04


+----------------------------+
; Fitter Suppressed Messages ;
+----------------------------+
The suppressed messages can be found in C:/Users/maris/OneDrive/Área de Trabalho/cefet 4/aocii/mariana_kaori/output_files/MIC1.fit.smsg.


